incident_id,priority,category,subcategory,opened_by,description,impact,urgency,state
INC100000,P4,Security,Malware,Rachel Brown,Market military manager election do.,Medium,High,In Progress
INC100001,P1,Email,Outlook,Kelly Gallegos,Agreement despite to.,Low,Low,Resolved
INC100002,P1,Network,WAN,Daniel Jackson MD,By less question national trade everybody key.,High,High,Resolved
INC100003,P1,Security,Malware,Marcia Collins,Direction by glass.,Low,Low,In Progress
INC100004,P3,Database,Oracle,Kelly Jones,Anything build onto sit.,Low,Low,Open
INC100005,P2,Database,Oracle,Nicholas Fuentes,Rather body piece that understand beat.,High,Low,Resolved
INC100006,P4,Security,Malware,Gwendolyn Olsen,Society think she serious billion with.,Low,Medium,Closed
INC100007,P1,Security,Malware,James Green,Economic policy against especially.,Low,High,Open
INC100008,P3,Network,WAN,Susan Walton,Mission see similar leg fish.,High,Medium,Closed
INC100009,P1,Security,Malware,Catherine Banks,Others late court do buy actually seat.,Medium,Low,Closed
INC100010,P3,Application,SAP,Daniel Wu,Million full take against suggest cost.,High,Low,Open
INC100011,P2,Application,SAP,Ethan Frost,Too remain result inside student table technology imagine.,High,High,In Progress
INC100012,P1,Application,SAP,William Roberts,Any this talk finish believe their task.,Medium,Medium,In Progress
INC100013,P2,Application,SAP,Kevin Good,Knowledge few once believe.,Low,High,Open
INC100014,P3,Security,Malware,Kathleen Gilbert,Thought improve rule hear carry watch.,Medium,High,Open
INC100015,P2,Application,SAP,Joan Mcpherson,Use suffer alone eat.,Medium,High,Open
INC100016,P3,Database,Oracle,Jennifer Wilkerson,Three ready they series there science chance.,Low,Low,Closed
INC100017,P1,Email,Outlook,Nancy Lopez,Join own wonder nearly goal nation.,Medium,Low,Open
INC100018,P2,Cloud,Azure,Tyler Miller,Day spend thing.,Medium,Medium,Closed
INC100019,P1,Email,Outlook,Sarah Johnson,Song benefit just keep road.,Medium,Low,In Progress
INC100020,P3,Application,SAP,Mallory Jones,Thus entire movie quickly join finish present doctor.,Low,Low,In Progress
INC100021,P1,Security,Malware,Christopher Maldonado,Nothing face offer your.,Medium,High,Closed
INC100022,P4,Network,WAN,Mariah Mccarty,Such improve when skin prepare kid action point.,High,Medium,Resolved
INC100023,P4,Email,Outlook,Carol White,Above himself forward build last station institution travel.,Medium,Low,Resolved
INC100024,P2,Application,SAP,Mario Nunez,Street season program learn.,Low,High,Resolved
INC100025,P3,Email,Outlook,Ashley James,After policy tell learn share beat change.,High,Medium,Closed
INC100026,P1,Application,SAP,James Miller,Key kitchen success professional move.,Medium,Low,In Progress
INC100027,P4,Cloud,Azure,Erica Hoover,Indeed study mission information.,High,High,Resolved
INC100028,P2,Security,Malware,Catherine Blake,Law list rich.,High,Medium,Open
INC100029,P4,Cloud,Azure,Dylan Moyer DDS,Compare among structure visit safe.,Low,Low,Resolved
INC100030,P3,Database,Oracle,Randy Miller,Up rock scene subject body heavy.,Medium,High,Closed
INC100031,P4,Email,Outlook,Karen Douglas,Summer so gun social run beautiful.,High,Medium,Open
INC100032,P2,Cloud,Azure,Andrew Cooper,Behind care maybe shake live air.,Low,Medium,Closed
INC100033,P3,Email,Outlook,Tony Morton,Rise feeling pull carry why lead.,Medium,Medium,Open
INC100034,P3,Application,SAP,Matthew Ward,Accept defense draw meeting ok yourself describe civil.,Low,Medium,In Progress
INC100035,P2,Cloud,Azure,Richard Blake,Receive heart art.,Low,Low,Open
INC100036,P4,Security,Malware,John Warren,Perhaps quality go agree.,Medium,Low,In Progress
INC100037,P1,Network,WAN,Alison Beck,Consider hard audience financial leg.,Medium,Medium,In Progress
INC100038,P2,Database,Oracle,Edward Grant,Issue require discussion deal.,Medium,Medium,Closed
INC100039,P3,Database,Oracle,Justin Matthews,Wife past short place else prepare.,High,Low,In Progress
INC100040,P3,Cloud,Azure,Michael Harvey,World safe ever least.,Medium,High,Open
INC100041,P2,Database,Oracle,James Fitzpatrick,Eight computer fine.,Medium,Low,Resolved
INC100042,P3,Email,Outlook,Jennifer Brown,Oil year peace blue worry blue.,High,High,Resolved
INC100043,P3,Database,Oracle,Andrea Massey,Really dream will middle matter message.,High,Low,In Progress
INC100044,P1,Network,WAN,Caitlyn Cowan,Forget government finally service property fast.,Medium,Medium,Closed
INC100045,P1,Cloud,Azure,Christopher Graham,Shoulder these all pay until artist real.,High,Medium,Open
INC100046,P4,Cloud,Azure,Jason Howard Jr.,Play hold knowledge fact south rather since.,Medium,Low,Resolved
INC100047,P3,Application,SAP,Brandy Vasquez,Current factor executive me finish star quickly.,Low,Low,In Progress
INC100048,P2,Database,Oracle,Jeffery Hughes,Let military church manager exactly region meeting.,High,Low,In Progress
INC100049,P1,Email,Outlook,Gina Francis,One analysis doctor well country various standard land.,Medium,Low,Closed
INC100050,P4,Application,SAP,Jaime Baker,Determine common success imagine.,High,Medium,In Progress
INC100051,P4,Database,Oracle,Kimberly Lee,Country huge car woman wish leg.,Low,Low,Closed
INC100052,P2,Email,Outlook,Maria Williamson,Only edge guy carry.,High,High,Resolved
INC100053,P1,Database,Oracle,Cameron Hess,Minute herself loss bed energy data price.,Low,Low,Closed
INC100054,P2,Security,Malware,Michael Bennett,Reflect sport TV less.,High,Medium,Resolved
INC100055,P4,Email,Outlook,Deborah Chang,Edge moment in less decide able president occur.,Medium,High,Closed
INC100056,P4,Email,Outlook,Julie Barnes,Figure impact man name.,High,Medium,Closed
INC100057,P2,Cloud,Azure,Sabrina Jones,Chance several east morning quality.,Low,Medium,Closed
INC100058,P3,Security,Malware,Kelly Walters,Seven region past better or.,Low,High,Open
INC100059,P4,Security,Malware,Lawrence Lambert,Glass detail bring why.,Medium,Low,Closed
INC100060,P1,Security,Malware,Chelsea Williams,Word determine statement gun just set he.,High,Low,Open
INC100061,P3,Security,Malware,Deborah Lopez,Finish reach toward bar.,Low,Medium,Closed
INC100062,P2,Network,WAN,Cassandra Gilbert,Simply authority far get figure very growth.,High,Low,Closed
INC100063,P1,Database,Oracle,Jessica Bryant,Shoulder hand people cup outside carry be.,Medium,High,Open
INC100064,P4,Cloud,Azure,Summer Carr,Near hot young him check.,High,Medium,Open
INC100065,P1,Security,Malware,Thomas Friedman,Choose own see.,High,Medium,Open
INC100066,P3,Application,SAP,Nicole Gonzales,Service its health recently.,High,High,In Progress
INC100067,P1,Network,WAN,Charles Kennedy,Sea debate without future coach people major.,High,Low,Open
INC100068,P3,Network,WAN,James Humphrey,Yet goal law scientist.,Low,Low,Resolved
INC100069,P2,Email,Outlook,Jorge Gonzales,Tell several husband yeah.,Low,Low,Open
INC100070,P2,Security,Malware,Robert Davis,Argue college notice worry.,High,High,Open
INC100071,P1,Network,WAN,Monica Alvarado,Usually join try discover bed.,Low,Medium,Resolved
INC100072,P1,Application,SAP,Susan Valdez,Usually player happen some chance popular left design.,Low,Low,In Progress
INC100073,P2,Application,SAP,Christopher Romero,Certainly this national.,Medium,Low,Closed
INC100074,P4,Application,SAP,Dennis Fisher,Seven example skill put good.,High,High,In Progress
INC100075,P3,Application,SAP,Jessica Brown,But body individual late manage stand.,Medium,Low,In Progress
INC100076,P1,Application,SAP,Jennifer Trujillo,Art at child event school.,Low,Low,Closed
INC100077,P4,Application,SAP,Veronica Martinez,Music student my when would animal discussion similar.,Low,Medium,In Progress
INC100078,P1,Security,Malware,Ryan Henderson III,Position leg firm including.,High,Low,Closed
INC100079,P3,Database,Oracle,Cynthia Park,Local attorney its.,Low,High,Closed
INC100080,P2,Database,Oracle,Carol Moore,For manager star more.,High,Low,Resolved
INC100081,P2,Network,WAN,Hannah Duncan,Up they magazine move pretty this.,Medium,High,Resolved
INC100082,P4,Database,Oracle,Justin Barker,Green pay recognize poor.,High,High,In Progress
INC100083,P1,Security,Malware,Anthony Hernandez,System lose compare.,Medium,Low,Resolved
INC100084,P2,Network,WAN,Marc Jones,Environment bag hand less free drug.,High,Low,Resolved
INC100085,P1,Email,Outlook,Lori Burns,Message camera rise.,High,Medium,Closed
INC100086,P1,Security,Malware,Anthony Garcia,Some miss he job let including.,Medium,Low,In Progress
INC100087,P1,Network,WAN,Raymond Evans,Prepare science Congress son stock show its Democrat.,Low,High,Open
INC100088,P1,Application,SAP,Alexandra Freeman,Brother business box wall recent actually.,High,High,In Progress
INC100089,P2,Database,Oracle,Kimberly Meadows,It pay main scientist page view also.,Low,High,Open
INC100090,P1,Network,WAN,Jeffery Benjamin,Office would administration medical modern mission practice training.,High,High,In Progress
INC100091,P3,Network,WAN,David Phillips,What whole wish glass pay.,Medium,Medium,Resolved
INC100092,P4,Database,Oracle,Alfred Frey,Statement several action traditional.,High,High,Open
INC100093,P1,Cloud,Azure,Cynthia Powell,Boy I happen kind campaign.,Medium,High,Open
INC100094,P3,Security,Malware,Theodore Kelley,Huge Mr top agency article foreign foot Mr.,Medium,High,In Progress
INC100095,P3,Cloud,Azure,Kim Glass,Think job gun current month.,Low,High,In Progress
INC100096,P4,Database,Oracle,David Lee,Amount really discussion culture.,Medium,Medium,Closed
INC100097,P4,Network,WAN,Ashley Butler,Member experience election environmental mother young ever.,Medium,Medium,Resolved
INC100098,P2,Network,WAN,Rebecca Smith,Ask trip plant because significant.,Low,High,Closed
INC100099,P4,Application,SAP,Tamara Morales,Resource rather drug best stand pretty.,Low,Low,In Progress
INC100100,P3,Network,WAN,Alexander Becker,Good music us author purpose either security.,High,High,Resolved
INC100101,P4,Application,SAP,Julie Love,Minute central positive which east.,High,High,Open
INC100102,P3,Network,WAN,Allison Yu,Data space however beautiful executive.,Medium,Medium,Resolved
INC100103,P4,Cloud,Azure,Miss Emily Rodriguez MD,East check himself trip feeling.,Low,Low,Resolved
INC100104,P3,Network,WAN,Angel Frank,Learn receive rock kid action summer company.,High,Low,Open
INC100105,P4,Email,Outlook,William Garza,Store similar white.,Medium,Low,Resolved
INC100106,P4,Cloud,Azure,Tonya Cook,Themselves write mother mouth within three scientist.,High,Low,Resolved
INC100107,P2,Email,Outlook,Melanie Mcgee,Area western spend.,Medium,Low,Closed
INC100108,P1,Cloud,Azure,Bradley Armstrong,Agent play forget edge forward nature national.,High,High,Resolved
INC100109,P3,Application,SAP,Christina Green,Money open short difficult force top.,Low,Low,In Progress
INC100110,P3,Cloud,Azure,Laura Rojas,Follow just consumer guess to.,High,Medium,Closed
INC100111,P4,Email,Outlook,John Parker,As stuff for ago take place around.,Medium,Low,In Progress
INC100112,P1,Security,Malware,Zachary Ward,While father task plant commercial tend.,High,Low,In Progress
INC100113,P1,Security,Malware,Keith Fernandez,Near buy bank.,Low,Medium,Open
INC100114,P1,Email,Outlook,Austin Phillips,Few bank discover represent foot executive appear.,Low,Medium,Resolved
INC100115,P3,Application,SAP,Anna Patterson DVM,Financial rise challenge any simple why.,Medium,High,Resolved
INC100116,P2,Database,Oracle,Brandy Stevens,Item baby attention focus drive wear mission.,High,Medium,In Progress
INC100117,P2,Application,SAP,Jennifer Riley,Station parent performance gun full bill.,Medium,Low,Open
INC100118,P2,Network,WAN,Allen Russell,Research trade than nature part everybody.,High,Low,In Progress
INC100119,P1,Security,Malware,John Williams,Unit point kind within outside.,Low,Medium,Closed
INC100120,P3,Network,WAN,Catherine Davis,Send alone two which place you.,Medium,High,In Progress
INC100121,P1,Cloud,Azure,Rebecca Wilson,Him north his.,Low,High,In Progress
INC100122,P1,Security,Malware,Lisa Fitzgerald,With two how each factor any partner.,Medium,Low,In Progress
INC100123,P2,Application,SAP,Michele Owen,Reach here wind husband move international dream star.,Low,High,Open
INC100124,P2,Email,Outlook,Beth Villa,Action office behind government however job seem.,Medium,Medium,Resolved
INC100125,P2,Network,WAN,Valerie Jordan,Billion help scientist seem audience feel because.,High,Low,In Progress
INC100126,P1,Cloud,Azure,Mary Becker,Spend skill total foreign number glass several.,High,Medium,In Progress
INC100127,P4,Security,Malware,Edgar Riley,Understand do water but these realize.,Medium,Medium,In Progress
INC100128,P1,Email,Outlook,Wanda Acevedo,Within particular she economic.,High,Medium,Closed
INC100129,P4,Network,WAN,Jose Walker,Perhaps focus still share size right.,Low,Low,Closed
INC100130,P1,Network,WAN,Kaylee Adams,Involve sure meeting later.,Low,High,In Progress
INC100131,P3,Security,Malware,Shannon Kaufman,System small few clearly learn indeed.,Low,High,Open
INC100132,P3,Application,SAP,Mindy Jackson,Note deep among customer after rock whole or.,High,Low,Open
INC100133,P1,Network,WAN,Albert Blackburn,Anyone only item among economy four.,Medium,Medium,Open
INC100134,P1,Security,Malware,Shane Johnson,Indicate hotel Mrs car national describe lawyer.,Medium,Low,In Progress
INC100135,P1,Application,SAP,Ryan Gordon,Attention imagine particular above inside thus.,Medium,Medium,Open
INC100136,P2,Cloud,Azure,Sarah Brown,Through single most church his.,Low,Low,In Progress
INC100137,P4,Cloud,Azure,Anita Phillips,Remember forget drug American.,Medium,Medium,Closed
INC100138,P2,Cloud,Azure,Meghan Perkins,Eat government five through ago ahead.,Low,Low,Resolved
INC100139,P2,Security,Malware,Joseph Barry,Include many stuff population go half use value.,High,Low,Closed
INC100140,P2,Application,SAP,Maria Church,Off view share eye explain of role their.,Low,Medium,Resolved
INC100141,P1,Database,Oracle,Matthew Lopez,Want painting style season exist number water bank.,High,Low,Closed
INC100142,P3,Email,Outlook,Laurie Love,Development the hard task national.,Medium,Low,Open
INC100143,P1,Database,Oracle,Carolyn Davidson,Career meet collection hot agent south drug.,Low,Medium,Closed
INC100144,P2,Database,Oracle,Patrick Palmer,Unit article hard somebody student themselves law.,High,Medium,In Progress
INC100145,P1,Email,Outlook,Gregory Turner,Nation make camera very window.,High,Low,Closed
INC100146,P1,Cloud,Azure,James Wright,Scientist protect coach not.,Medium,Low,In Progress
INC100147,P2,Application,SAP,Matthew Nelson,Foot today pressure small.,Medium,High,Closed
INC100148,P1,Network,WAN,Maria Gibson,South spring event head seek here treatment.,High,Medium,In Progress
INC100149,P4,Security,Malware,Becky Garcia,Sister rule involve goal.,High,Low,Open
INC100150,P1,Security,Malware,Robert Richardson,Cup great wear hour arm air certainly.,Low,Low,Resolved
INC100151,P1,Email,Outlook,Elizabeth Jones MD,Health claim end fill civil whatever.,High,Low,Closed
INC100152,P3,Security,Malware,Jacob Walker,Until field finally once mouth.,Medium,Low,Closed
INC100153,P2,Security,Malware,Rose Miller DDS,Street most add fall.,High,Medium,Closed
INC100154,P3,Network,WAN,Rickey Castro,Hair kind begin talk alone open.,Low,Medium,Resolved
INC100155,P3,Network,WAN,Kellie Williams,Trip plan generation inside travel even our purpose.,Low,High,In Progress
INC100156,P4,Application,SAP,Christian Thompson,Go run the learn.,High,Medium,Open
INC100157,P1,Network,WAN,Amanda Torres,Official century modern bring make raise.,Medium,High,Resolved
INC100158,P3,Cloud,Azure,Lee Woods,Eye born successful old interview.,Low,Low,Resolved
INC100159,P4,Application,SAP,John Hughes,Building while agreement evening near.,Medium,Medium,Closed
INC100160,P2,Application,SAP,Stacey Merritt,Hot prevent adult student.,High,Medium,Resolved
INC100161,P4,Cloud,Azure,Jacqueline Rodriguez,Still step discover ground sing.,Low,Medium,Closed
INC100162,P4,Network,WAN,Heather Olson,Teacher loss better since young hair.,High,High,Open
INC100163,P1,Database,Oracle,Kelly Anderson,Together if right.,High,High,Open
INC100164,P2,Email,Outlook,Brad Hughes,Not else director fish range leave.,Low,Low,In Progress
INC100165,P3,Security,Malware,Shawn Adams,College almost matter.,Medium,Medium,Resolved
INC100166,P3,Application,SAP,Jason Moreno,Yes minute minute against offer their case scientist.,High,High,In Progress
INC100167,P3,Security,Malware,Matthew Santos,Mr four mean beyond.,Medium,Low,Open
INC100168,P1,Cloud,Azure,Emily Miller,Term front weight decision.,Low,Medium,Open
INC100169,P4,Database,Oracle,Robert Mayer,Deal four allow city meet woman.,Medium,Medium,Closed
INC100170,P3,Network,WAN,Elizabeth Watts,Tend mission good offer herself heavy create.,Low,Low,In Progress
INC100171,P1,Database,Oracle,Patricia Powell,Traditional someone tonight newspaper.,Low,High,Closed
INC100172,P2,Network,WAN,Cody Lawson,Trial radio material father right.,High,Medium,In Progress
INC100173,P3,Cloud,Azure,Paul Day,He right short wife consumer.,Low,Low,Resolved
INC100174,P1,Application,SAP,William Garcia,Discussion marriage tree alone traditional break herself.,Low,Low,In Progress
INC100175,P1,Cloud,Azure,Kimberly Chan,Figure act bad wait sister.,Medium,Low,Resolved
INC100176,P2,Security,Malware,Holly Hansen,Computer your per good mention.,High,High,In Progress
INC100177,P1,Security,Malware,James Edwards,War work middle question knowledge south.,Low,High,Open
INC100178,P4,Email,Outlook,Zachary Sullivan,Room light check but kind lot.,Low,Low,Resolved
INC100179,P1,Application,SAP,Devin Holt,Ball way argue food seven such fine.,Medium,Medium,Closed
INC100180,P1,Security,Malware,Brittany Hernandez,Sometimes wait generation list move.,Low,High,Closed
INC100181,P3,Email,Outlook,George Salinas,Hard world spend chance store main.,High,High,Open
INC100182,P2,Cloud,Azure,Jerry Morris,Myself fall performance Mrs Republican challenge may physical.,Low,Medium,Closed
INC100183,P1,Application,SAP,George Berry,Her concern represent concern.,Medium,High,In Progress
INC100184,P4,Application,SAP,Mark Rocha,Central ahead pick my toward good artist.,Medium,Medium,Open
INC100185,P1,Network,WAN,Robert Bradley,One ask since eye day.,Medium,High,Open
INC100186,P4,Security,Malware,John Jones,Because person force movie.,High,High,In Progress
INC100187,P1,Database,Oracle,Mr. Dylan Schultz,Law child tend statement mouth hair air bill.,Medium,High,Closed
INC100188,P3,Security,Malware,Daniel Kelley,Night baby about herself.,High,High,Closed
INC100189,P1,Cloud,Azure,Danielle Wise,Movie practice all race agreement class.,High,High,In Progress
INC100190,P2,Application,SAP,Michael Barajas,Sign how teach.,Low,High,Closed
INC100191,P1,Database,Oracle,Joel Lee,Member imagine any discover should.,Medium,Low,Closed
INC100192,P2,Security,Malware,Elizabeth King,Clear least stand clearly sing anything center.,Medium,High,Open
INC100193,P1,Database,Oracle,Jordan Whitaker,Girl author television new memory kid concern.,High,Medium,In Progress
INC100194,P3,Network,WAN,Dr. Kevin Kennedy DDS,Special use interview and.,Low,High,Resolved
INC100195,P3,Application,SAP,Mr. Robert Booth,Medical able large role.,Medium,High,Open
INC100196,P4,Network,WAN,Jesse Galvan,Evening world bag.,Medium,Medium,In Progress
INC100197,P1,Security,Malware,Jaime Day,Of contain while music worker pretty unit.,High,Low,Open
INC100198,P2,Security,Malware,Brett Beasley,Next result show mind foot nice.,Medium,Medium,Resolved
INC100199,P4,Network,WAN,Benjamin Kelly,Party difference fight stop.,High,Low,Open
INC100200,P4,Security,Malware,Nathan Bond,Pull car computer.,High,Medium,Closed
INC100201,P2,Database,Oracle,Tyler Johnston,Admit factor people high suffer later.,High,High,In Progress
INC100202,P3,Network,WAN,William Spencer,Strong may approach beat day bag imagine.,Medium,High,In Progress
INC100203,P4,Database,Oracle,Jason Baird,Week buy particular increase tend whole too.,Low,Medium,In Progress
INC100204,P3,Security,Malware,Joseph Whitehead,Fill wide man.,Low,High,Closed
INC100205,P3,Application,SAP,Michael Ray,Design exactly once treatment between common.,Medium,Medium,Open
INC100206,P1,Cloud,Azure,Melissa Schmidt,Low garden nearly end.,High,Low,Resolved
INC100207,P1,Email,Outlook,Jessica Mays,Feel parent summer alone.,High,Low,Closed
INC100208,P2,Application,SAP,Frederick Marshall,His know everybody adult.,Low,High,Closed
INC100209,P3,Security,Malware,Kelly Washington,Choice fine do movement.,Low,High,Closed
INC100210,P1,Network,WAN,Kathryn Edwards,May section school make.,Low,High,In Progress
INC100211,P3,Cloud,Azure,Jason Vasquez,Policy anyone list company song report.,Medium,Low,Resolved
INC100212,P1,Application,SAP,Samuel Calderon,Professor example mind general such very ground.,Low,Low,Open
INC100213,P4,Email,Outlook,Joshua Gilbert,Question successful student writer yes.,Medium,Low,Open
INC100214,P1,Cloud,Azure,Ashley Clark,Year bar security people green stuff.,High,Medium,Resolved
INC100215,P3,Database,Oracle,Mrs. Ashley Haynes,Sort student five on budget improve west.,Medium,Medium,Open
INC100216,P1,Application,SAP,Brian Robinson,Magazine attorney manager kitchen.,High,Low,Resolved
INC100217,P1,Application,SAP,Sarah Carter,Will town couple.,Low,Low,Open
INC100218,P2,Network,WAN,Paula Escobar,And morning black perform million new.,High,High,Closed
INC100219,P3,Database,Oracle,Christopher Cowan,Very find establish event imagine.,Medium,Medium,Closed
INC100220,P2,Network,WAN,Christina Jones,Military learn close need score.,High,High,Closed
INC100221,P3,Application,SAP,Julie Bowen,State operation organization science.,Medium,High,Open
INC100222,P2,Network,WAN,Daniel Ferguson,Crime country director only major bar among.,High,Medium,In Progress
INC100223,P3,Database,Oracle,Yolanda Johns,Loss often moment mean kid.,Medium,Low,Resolved
INC100224,P2,Application,SAP,Anthony Nixon,Describe involve public girl but.,Medium,Medium,Resolved
INC100225,P2,Email,Outlook,Luis Clark,Represent may business line along.,High,High,Closed
INC100226,P4,Email,Outlook,Christopher Richardson,Itself hard young type throughout financial.,High,Medium,Resolved
INC100227,P4,Cloud,Azure,Nicole Washington,Voice event adult.,Medium,Medium,Resolved
INC100228,P1,Email,Outlook,Kimberly Williams,Activity any else model participant.,Medium,Low,Closed
INC100229,P2,Database,Oracle,Mary Smith,Size than production spend half while.,High,Medium,Closed
INC100230,P4,Application,SAP,Timothy Salazar,Report himself hold year.,Low,Medium,Closed
INC100231,P3,Application,SAP,Shawn Anderson,Chair hour stand field approach half.,High,Medium,Resolved
INC100232,P2,Application,SAP,Dominique Hampton,Although maybe morning response notice environment.,Medium,Low,Resolved
INC100233,P4,Email,Outlook,Vincent Wolfe,Want share community leader.,Low,Low,Resolved
INC100234,P1,Database,Oracle,Katherine Steele,While around writer.,High,Medium,Closed
INC100235,P3,Security,Malware,Robert Weber,Citizen represent she unit then tree.,Low,Low,In Progress
INC100236,P4,Application,SAP,Anthony Mullins,Class buy head.,High,High,In Progress
INC100237,P4,Security,Malware,Faith Smith,Become past room edge interesting lot.,Medium,Low,In Progress
INC100238,P4,Email,Outlook,Tyler Crawford,Business skin expert along industry gas notice.,Medium,Medium,Resolved
INC100239,P1,Email,Outlook,Rodney Wilson,Affect kid laugh read continue.,Low,High,Resolved
INC100240,P2,Application,SAP,Andre Clark,Ago growth office reach morning.,Medium,High,Closed
INC100241,P3,Security,Malware,Carla Peterson,Stay fast shoulder design woman vote often.,Medium,Low,In Progress
INC100242,P2,Network,WAN,Michele Brown,She TV quality room.,Medium,Medium,In Progress
INC100243,P4,Cloud,Azure,Michelle Russell,First say learn sister chance citizen.,Low,Low,Closed
INC100244,P4,Email,Outlook,Amanda Smith,Son certainly treatment culture energy.,Medium,Low,Resolved
INC100245,P1,Application,SAP,Deborah Phillips,Could effect check popular.,Low,Low,Resolved
INC100246,P4,Email,Outlook,Theresa Mcdowell DDS,Bed individual single certain production physical include.,Low,Low,Closed
INC100247,P4,Email,Outlook,Timothy Roman,Family myself check range pretty rest subject take.,Low,Low,Open
INC100248,P1,Security,Malware,Barbara Finley,Class customer offer again wife.,Low,High,In Progress
INC100249,P1,Application,SAP,Nicholas Green,Focus employee speak west fear other.,Low,High,Closed
INC100250,P3,Application,SAP,Larry Hamilton,Kind same actually.,High,Medium,Open
INC100251,P3,Application,SAP,Larry Davis,Season task window painting budget agency control.,Low,Medium,Open
INC100252,P4,Email,Outlook,Deborah Morgan,Across reflect firm that great whether.,High,High,Open
INC100253,P3,Application,SAP,Paul Brown,Himself ready thus another ok.,Low,Medium,In Progress
INC100254,P1,Network,WAN,Terry Hunter,Vote democratic new series.,High,Medium,In Progress
INC100255,P1,Application,SAP,Kirk Vazquez,Such subject court large indeed trip size.,High,Medium,Closed
INC100256,P1,Email,Outlook,Danny Greene,Tough hour character glass wait or thank seat.,Low,Medium,Closed
INC100257,P3,Application,SAP,Angel Graham,Knowledge finish analysis everyone.,High,High,Open
INC100258,P3,Database,Oracle,Tony Jones,Especially national professor good eye far eat risk.,Medium,Medium,Closed
INC100259,P4,Database,Oracle,Jenny Olson,So group picture indicate wind fish now.,Low,High,In Progress
INC100260,P1,Network,WAN,Susan Washington,Me something development outside help hand.,High,Medium,In Progress
INC100261,P4,Application,SAP,Rachel Sutton,Eight get development war.,Low,Medium,Open
INC100262,P2,Security,Malware,Robert Little,Something color we everything.,Medium,High,Closed
INC100263,P4,Network,WAN,Daniel Barnes,Right all discussion medical so look.,Medium,High,Closed
INC100264,P4,Security,Malware,Emily Blair,Finish everybody ground against.,High,Low,Closed
INC100265,P4,Email,Outlook,Susan Shaw,Next produce where election cut common.,High,Low,In Progress
INC100266,P1,Application,SAP,Leslie Wilson,Pull no year other at.,High,Medium,In Progress
INC100267,P3,Cloud,Azure,Zachary Johnson,Foreign tree sit himself someone first service industry.,Low,Low,Resolved
INC100268,P1,Application,SAP,Samantha Hicks,Anyone story be explain.,Low,Low,Closed
INC100269,P1,Network,WAN,John Leon,Reach character arrive away among material.,High,High,In Progress
INC100270,P2,Database,Oracle,Aaron Garcia,If it job.,High,Low,Open
INC100271,P3,Application,SAP,Thomas Bell,Moment ask require head be information prepare require.,Medium,Medium,In Progress
INC100272,P3,Email,Outlook,Jonathan Higgins,On team once loss our else.,Low,High,Closed
INC100273,P1,Cloud,Azure,Linda Miller,Billion consider candidate.,High,High,In Progress
INC100274,P4,Email,Outlook,Cassandra Byrd,According can I individual computer.,High,High,In Progress
INC100275,P2,Email,Outlook,Brandon Miller,Decision way take.,Low,Low,Open
INC100276,P4,Network,WAN,Maria Garcia,Main model nearly arrive.,Low,Medium,In Progress
INC100277,P2,Cloud,Azure,Steven Hernandez,Traditional media admit program live factor religious.,Medium,Low,Open
INC100278,P1,Database,Oracle,Rebecca Butler,Line wind case evidence amount every.,Medium,Low,Resolved
INC100279,P1,Application,SAP,Jorge Davis,Low nearly who have term.,High,Low,Resolved
INC100280,P4,Application,SAP,Michelle Thomas,Region suddenly fight which well scene house those.,Low,Medium,Closed
INC100281,P3,Application,SAP,Donald Gonzalez,Leg western very he follow.,High,High,Closed
INC100282,P2,Database,Oracle,Jonathan Wilkerson,Particularly guess stand clearly idea.,Medium,High,Open
INC100283,P1,Network,WAN,Michael Mckay,Necessary scientist information conference both ball media.,High,High,Open
INC100284,P1,Network,WAN,Ian Ford,Soon different lawyer student forget international.,Low,Low,Closed
INC100285,P3,Database,Oracle,George Graves,Factor central my.,High,Medium,Closed
INC100286,P3,Cloud,Azure,Elizabeth King,Parent pay season executive off.,High,Low,Resolved
INC100287,P3,Application,SAP,Jessica Estes,Provide sense science report world morning senior design.,Medium,Low,Resolved
INC100288,P1,Cloud,Azure,Crystal Waters,Consider garden offer do stand very while.,High,Low,Resolved
INC100289,P1,Email,Outlook,Lisa Fowler,Marriage form professor final receive trial door.,High,High,Open
INC100290,P1,Network,WAN,Jessica Gregory,Agree receive speak toward.,Medium,High,Resolved
INC100291,P1,Application,SAP,Mary Mendoza,Of in determine not sort name number.,Low,Low,Resolved
INC100292,P3,Cloud,Azure,Brenda Medina,Purpose too soldier.,Medium,Low,Closed
INC100293,P2,Email,Outlook,Samantha Jones,While exist week kind much.,Medium,Low,In Progress
INC100294,P3,Cloud,Azure,Stephen Flowers,Professor school size woman.,Low,Medium,Closed
INC100295,P4,Network,WAN,Lauren Harper,Return pressure capital style deep care.,Medium,Low,Resolved
INC100296,P1,Cloud,Azure,Victor Potter,Star reality fish.,Low,Medium,In Progress
INC100297,P2,Network,WAN,Teresa Valenzuela,Than bad different Congress new.,High,Low,Open
INC100298,P3,Email,Outlook,Stacie Daniels,Century buy vote never.,Medium,High,Resolved
INC100299,P4,Application,SAP,April Rogers,Agreement find push drug soldier.,Low,High,Open
INC100300,P3,Security,Malware,Gina Walls,Lot area number soldier who.,Low,Medium,Closed
INC100301,P4,Network,WAN,Danielle Lee,Line coach oil concern call too make.,High,Medium,Open
INC100302,P1,Network,WAN,Mary Wyatt,Fact peace will should.,Medium,Medium,Closed
INC100303,P3,Security,Malware,Ryan Fisher,Care guy must choose weight system task.,High,Medium,Open
INC100304,P2,Cloud,Azure,James King,Official name cell these small.,High,Medium,Closed
INC100305,P2,Database,Oracle,Andres Roberts,Popular save end.,Medium,High,In Progress
INC100306,P4,Email,Outlook,Amanda Gutierrez,Spend girl history fill edge.,Low,Low,Resolved
INC100307,P1,Cloud,Azure,Christian Ferguson,World avoid career focus make deep occur.,High,Medium,Closed
INC100308,P3,Cloud,Azure,Kathryn Green,Find according huge reveal thus minute.,High,High,In Progress
INC100309,P2,Security,Malware,Sarah Pittman,Name garden mean glass positive hotel.,High,Low,Open
INC100310,P1,Network,WAN,Nancy Hughes,World lot off American.,Low,Medium,Open
INC100311,P2,Security,Malware,Rita Pace,Financial base economy page.,High,High,Closed
INC100312,P4,Network,WAN,Michelle Lucas,Myself kid into boy need ever.,High,Low,Resolved
INC100313,P2,Security,Malware,Steven Knox,Quality talk time health election.,Low,Medium,Open
INC100314,P4,Cloud,Azure,James Griffith,Cultural build line somebody sister tonight father.,Low,Low,Resolved
INC100315,P4,Email,Outlook,Terri Hernandez,Discover left race to home choice.,Medium,Low,Open
INC100316,P3,Database,Oracle,Travis Murphy,Right remain rich economy.,Medium,High,Open
INC100317,P2,Security,Malware,Jeremiah Scott,We example serve local game.,Medium,Medium,Resolved
INC100318,P3,Network,WAN,Lisa Peters MD,Lay can live under.,Medium,Medium,Resolved
INC100319,P3,Application,SAP,Nicole Wilson,Watch particular space writer world low.,Low,High,In Progress
INC100320,P1,Application,SAP,Randy Young,As miss different western call second.,High,Low,In Progress
INC100321,P4,Email,Outlook,Joseph Carter,Run suddenly one concern book two soldier last.,Medium,Medium,Open
INC100322,P2,Security,Malware,Susan Blair,Door protect only white central whether certain situation.,Low,High,Closed
INC100323,P1,Email,Outlook,Christine Anderson,Admit how field dream better according.,Medium,Medium,Closed
INC100324,P1,Email,Outlook,Alex Burch,Cold team only activity even fish.,Low,Low,In Progress
INC100325,P2,Database,Oracle,Catherine Sandoval,Form husband area product.,Low,Low,In Progress
INC100326,P1,Application,SAP,Rebecca Harris,Where in food analysis event.,Low,Low,Open
INC100327,P4,Network,WAN,Sandra Davis,Nor too large tree information.,High,Medium,In Progress
INC100328,P1,Application,SAP,Douglas Turner,Huge sense institution moment couple.,High,Low,Resolved
INC100329,P1,Email,Outlook,Stephanie Frazier,Church number nice determine career kind I fire.,High,Low,Open
INC100330,P3,Database,Oracle,Grant Moore,Method name idea ok blood.,High,High,Closed
INC100331,P2,Application,SAP,Darren Chavez,Himself arrive election item develop attack break.,High,Low,Closed
INC100332,P4,Network,WAN,Stanley Brock,Southern small budget religious civil compare.,Low,Low,Resolved
INC100333,P2,Database,Oracle,Jonathan Campbell,Whether degree box see lay.,High,Low,Closed
INC100334,P1,Network,WAN,Robert Baker,Often produce effort might her science.,High,Low,In Progress
INC100335,P2,Database,Oracle,Eric Phillips,Over lay already huge.,High,High,Closed
INC100336,P3,Application,SAP,Stuart Kelley,City single yeah.,Low,High,Closed
INC100337,P2,Security,Malware,Johnny Acevedo,Court trade color little say however.,Medium,Medium,In Progress
INC100338,P3,Email,Outlook,Steven Murphy,Treatment American appear poor evening.,High,Low,Resolved
INC100339,P2,Email,Outlook,Tina Gill,Home whom sometimes entire magazine close lose before.,High,Medium,Resolved
INC100340,P3,Cloud,Azure,Candace White,Consumer course however.,Low,Medium,Open
INC100341,P3,Network,WAN,Logan Walker,Rule office mean owner.,Medium,Medium,Resolved
INC100342,P1,Database,Oracle,Lori Murphy,Score that live and figure change.,Medium,High,Resolved
INC100343,P3,Cloud,Azure,Maria Young,Response increase society.,High,Low,Open
INC100344,P4,Application,SAP,Bryan Terry,Sure popular put else issue.,High,Medium,In Progress
INC100345,P1,Application,SAP,Perry Gomez,Sit kitchen process according personal miss.,Medium,Medium,Resolved
INC100346,P1,Application,SAP,James Morgan,Meet goal consumer current.,High,High,Closed
INC100347,P3,Application,SAP,Douglas Cooper,Big control forget cost would pick ever.,Low,Medium,In Progress
INC100348,P4,Database,Oracle,Alexander Pacheco,Study record season believe enjoy.,High,Low,In Progress
INC100349,P2,Email,Outlook,Danielle Savage,Base ever nation rich personal such.,High,Low,Resolved
INC100350,P1,Database,Oracle,James Friedman,Much free treatment over kind.,Low,High,Open
INC100351,P4,Database,Oracle,Phillip Benjamin,Medical lose common protect blood themselves.,High,Medium,In Progress
INC100352,P1,Database,Oracle,Ashley Miller,Also spend expect early wish minute movement door.,Low,Medium,Open
INC100353,P1,Cloud,Azure,Amber Mcdonald,Also show money word college process we another.,Low,Low,Resolved
INC100354,P2,Database,Oracle,Angela Williams,Final city fine word performance news.,High,Medium,Open
INC100355,P1,Network,WAN,James Shepard,Direction drug never bed.,Low,Low,In Progress
INC100356,P4,Email,Outlook,Douglas Cardenas,Team see light argue big ask stand.,Low,High,Closed
INC100357,P3,Database,Oracle,Evan James,Ago smile let dog possible.,Low,Low,Open
INC100358,P3,Cloud,Azure,Sheila Ballard,Over quickly yet player.,Low,High,Open
INC100359,P3,Security,Malware,Amy James,White three share before view Democrat floor.,Medium,High,Open
INC100360,P2,Security,Malware,Mark Brown,Throw upon those age movie a.,Low,Low,Resolved
INC100361,P2,Application,SAP,Mr. Derek Williams,Dark among huge southern.,Medium,High,Resolved
INC100362,P4,Cloud,Azure,Jesse Sims,Today pattern manage.,Medium,High,Resolved
INC100363,P3,Network,WAN,Grant Ortiz,Feeling person place alone majority.,Medium,Medium,Resolved
INC100364,P3,Cloud,Azure,Anthony Nunez,Look question stage television conference also fund.,Medium,Medium,Closed
INC100365,P2,Database,Oracle,Wendy Mccarthy,Under member goal.,Low,Medium,Open
INC100366,P4,Database,Oracle,Keith Levy,Material responsibility tax politics option.,Low,High,Open
INC100367,P2,Network,WAN,Wayne Hill,Quickly structure cold administration arrive court.,High,High,In Progress
INC100368,P2,Security,Malware,Carrie Fox,For network meet purpose buy.,High,Low,In Progress
INC100369,P4,Network,WAN,Alec Cochran,After lead official father learn.,High,Low,Closed
INC100370,P2,Network,WAN,Robert Larson,Exactly leg itself ahead minute enough push.,Medium,Low,In Progress
INC100371,P4,Network,WAN,David Smith,Rock lay measure laugh.,Medium,Medium,In Progress
INC100372,P4,Application,SAP,Jerry Jacobs,Author important later west treat.,High,Low,Resolved
INC100373,P2,Email,Outlook,Mikayla Roberts,After step speak.,Medium,High,Closed
INC100374,P4,Application,SAP,Jessica Adams,Memory about maybe finally me.,Medium,Medium,Closed
INC100375,P2,Database,Oracle,Brittney Aguilar,Wish push benefit summer lead nothing certain.,Low,Low,In Progress
INC100376,P4,Network,WAN,Sara Steele,Crime little race company Democrat.,Medium,Medium,In Progress
INC100377,P1,Security,Malware,Lisa Cruz,Late front happy enjoy bit month reality.,Medium,Low,Open
INC100378,P4,Network,WAN,Kaitlin Butler,Pass probably figure most improve environmental yard.,High,Low,Closed
INC100379,P3,Email,Outlook,Matthew Salinas,Somebody major seem task bit color.,High,Medium,Open
INC100380,P2,Security,Malware,Charles Fischer,Camera eat Mr make organization trial.,High,Medium,Closed
INC100381,P3,Application,SAP,Sabrina Rush,Stay set which structure apply answer stay.,High,High,Resolved
INC100382,P1,Security,Malware,Mrs. Megan Anderson,Can spend bit six when.,Medium,High,Resolved
INC100383,P2,Cloud,Azure,Maria Lane,Determine mind every hair left.,Medium,Medium,Resolved
INC100384,P4,Cloud,Azure,Jason Roberts,Ago father rich though me discussion.,High,Low,Closed
INC100385,P2,Network,WAN,Hector Smith,Practice note system such.,High,Low,Closed
INC100386,P2,Cloud,Azure,Ronald Sullivan,After help draw candidate business common stand.,Low,Medium,In Progress
INC100387,P3,Application,SAP,Ashley Dean,Deal study stage sport stuff thought professional.,Low,Low,In Progress
INC100388,P2,Security,Malware,Jasmine Martin,Good thousand create minute fear.,Medium,High,In Progress
INC100389,P1,Security,Malware,Debbie Mcmahon,Onto choice large religious serve.,Medium,Low,Open
INC100390,P1,Application,SAP,Christina Everett,By husband seem network west.,High,Medium,Open
INC100391,P1,Application,SAP,Jason Grimes,Eight former sister design agree himself.,Low,Medium,Resolved
INC100392,P1,Network,WAN,Megan Allen,Let career area leave audience.,Low,Low,Resolved
INC100393,P1,Application,SAP,Corey Sanford,Late tend actually hold sense.,Low,Low,In Progress
INC100394,P1,Email,Outlook,Eric Butler,Whether help employee no.,High,High,In Progress
INC100395,P1,Cloud,Azure,Dale Floyd,Fly former imagine.,Low,Medium,Closed
INC100396,P2,Email,Outlook,Robin Tran,Likely community student relationship day.,Low,Medium,Resolved
INC100397,P3,Email,Outlook,Diana Davis,Step protect its condition.,Medium,Medium,In Progress
INC100398,P4,Database,Oracle,Melanie Ross,Science card behavior nature law space star.,High,Medium,In Progress
INC100399,P1,Cloud,Azure,Nicholas Ramsey,Politics beat mother raise piece land film.,High,High,Open
INC100400,P1,Application,SAP,John Porter,Quite four trade letter.,High,High,In Progress
INC100401,P2,Database,Oracle,Kenneth Willis,Wife minute value focus enter century let.,High,Low,In Progress
INC100402,P4,Email,Outlook,Tiffany Chavez,Company wait central structure near education attack.,Low,Medium,Resolved
INC100403,P2,Application,SAP,Andrew Snyder,Information receive statement when either.,Medium,Medium,Closed
INC100404,P1,Database,Oracle,Ellen Haynes,It toward painting phone fire ever amount.,High,Medium,Resolved
INC100405,P1,Cloud,Azure,Karen Carson,Reality notice first.,Medium,High,In Progress
INC100406,P3,Email,Outlook,Justin Henderson,Much myself federal player customer away education PM.,Medium,Low,Open
INC100407,P2,Email,Outlook,Jason Arias,Court hear agency.,Medium,High,Resolved
INC100408,P3,Email,Outlook,Kristin Ruiz,Account call political raise nation enter window.,High,Medium,Closed
INC100409,P4,Email,Outlook,Rodney Aguilar,Impact behavior word.,High,Medium,In Progress
INC100410,P2,Cloud,Azure,Julie Anderson,Will add thought oil.,High,High,Closed
INC100411,P3,Application,SAP,Danny Henderson,Name today student because.,Medium,Low,Resolved
INC100412,P4,Security,Malware,Michael Roberts,Wear cut work.,Medium,Medium,Resolved
INC100413,P1,Network,WAN,Mary Walker,List Republican process new of natural today.,Low,Medium,Open
INC100414,P4,Cloud,Azure,Grace Bell,Program truth practice.,Medium,High,In Progress
INC100415,P3,Email,Outlook,Jonathan Williams,Car something later next since if decide.,High,Low,In Progress
INC100416,P4,Application,SAP,Mark Molina PhD,Social provide compare thing build up.,Low,Medium,Open
INC100417,P4,Security,Malware,Gregory Hamilton,Traditional chair fish nor.,Medium,High,Resolved
INC100418,P3,Database,Oracle,Susan Hernandez,Piece all skill ball stop.,Medium,High,Open
INC100419,P2,Cloud,Azure,Bonnie Neal,Body leader deal activity how window stage see.,Medium,Low,Open
INC100420,P1,Database,Oracle,John Daniel,Natural may face experience later.,Low,Low,In Progress
INC100421,P2,Email,Outlook,Justin Richardson,Voice professor finally.,High,High,In Progress
INC100422,P4,Cloud,Azure,John Watts,Site chance government down plan rest building.,High,High,Open
INC100423,P1,Database,Oracle,Valerie Thompson,Hot writer cultural serve eat.,Medium,Medium,Resolved
INC100424,P4,Security,Malware,Christina King,Moment relationship appear only stand.,High,Low,In Progress
INC100425,P3,Network,WAN,Stephen Parker,War human what.,Medium,High,Open
INC100426,P1,Application,SAP,Wendy Torres,Hand everybody ok sit try protect.,Low,High,Resolved
INC100427,P1,Security,Malware,Mitchell Stanley,Blood try station explain.,Low,Low,In Progress
INC100428,P2,Network,WAN,Kathleen Kramer,Tax Democrat ask.,High,High,Resolved
INC100429,P3,Database,Oracle,Travis Wilson,Station wife summer production certainly.,Low,Low,In Progress
INC100430,P3,Email,Outlook,Erica Taylor,Partner third effect business traditional person any.,Low,Medium,In Progress
INC100431,P1,Database,Oracle,Robert Rasmussen,Establish class wait hope care.,High,Low,In Progress
INC100432,P1,Database,Oracle,Allen Martin,Official maintain page officer citizen today.,Medium,Low,Closed
INC100433,P1,Cloud,Azure,Pamela Jones,Box partner social player money by key.,Medium,High,Resolved
INC100434,P4,Application,SAP,Mr. Robert Chung,Message front term future apply throw feeling.,High,Low,Closed
INC100435,P3,Security,Malware,Dave Jenkins,Than organization prepare decade most.,Low,Medium,Resolved
INC100436,P4,Email,Outlook,Tina Hayes,Economy generation professional board grow.,Medium,High,In Progress
INC100437,P2,Email,Outlook,Danny Pugh,Window finally he owner rise born door.,Medium,Medium,Open
INC100438,P4,Application,SAP,Samantha Robinson,Admit role now deal grow recently care.,Medium,Low,Open
INC100439,P4,Network,WAN,Angela Murphy,One theory opportunity politics.,Medium,Low,Resolved
INC100440,P2,Application,SAP,Kyle Castro,Fall day management stay interest.,Medium,Medium,In Progress
INC100441,P3,Database,Oracle,Charlene Werner,Again few stay kitchen financial candidate subject white.,Low,Low,In Progress
INC100442,P1,Cloud,Azure,Brittany Jackson,Organization stay true no spring represent type minute.,High,High,Resolved
INC100443,P1,Application,SAP,Sara Taylor,Drive kitchen dog best figure.,Medium,High,Open
INC100444,P2,Cloud,Azure,Natasha Rodriguez,Particularly political provide choose perhaps Mrs something.,Low,Low,Open
INC100445,P3,Security,Malware,Kerry Clark,Mean let always read option walk including.,Low,High,Open
INC100446,P2,Email,Outlook,Erica Cruz,Positive three concern wind beautiful body central.,Low,Medium,Resolved
INC100447,P4,Application,SAP,Kevin Crawford,Administration pick attack apply fine sometimes I later.,High,Low,Open
INC100448,P4,Cloud,Azure,Sean Chapman,New property although.,High,Low,Closed
INC100449,P2,Database,Oracle,Teresa Mitchell,Once own down side catch sister current.,Medium,Medium,Closed
INC100450,P3,Application,SAP,Robert Higgins,Peace trip movie.,Medium,Medium,In Progress
INC100451,P3,Database,Oracle,Stephanie Delgado,Support fund use little act so popular.,Medium,Medium,Open
INC100452,P3,Database,Oracle,Susan Garcia,Spring type alone enter last call.,Medium,Medium,Resolved
INC100453,P4,Security,Malware,Melissa Curtis,Impact third service second some say.,Low,High,Open
INC100454,P3,Database,Oracle,Natalie Young,Rule miss fire open detail not.,Low,Medium,Closed
INC100455,P3,Application,SAP,James Jordan,Foreign spring something wait education our almost.,High,High,Open
INC100456,P3,Cloud,Azure,Kyle Schwartz,Energy agreement operation citizen computer contain.,High,Medium,Resolved
INC100457,P2,Security,Malware,James Gay,Around leader and son season.,Medium,Low,In Progress
INC100458,P2,Email,Outlook,Jordan Jones,Short personal natural machine maybe top.,Low,Medium,In Progress
INC100459,P2,Security,Malware,Larry Knox,Stop style drop voice second leader challenge.,Low,Medium,Closed
INC100460,P2,Security,Malware,Melanie Collins,System interest remember economic middle.,High,High,Resolved
INC100461,P2,Application,SAP,Annette Brady,Trouble name seat.,Medium,Low,Open
INC100462,P3,Cloud,Azure,Jose Cook,Human computer five reason value growth image.,Medium,Low,In Progress
INC100463,P2,Application,SAP,Billy Bright,Source commercial establish image top development easy.,Low,Medium,Open
INC100464,P2,Cloud,Azure,Daniel Shepherd,Activity less already draw.,Low,Medium,In Progress
INC100465,P2,Security,Malware,Diane Daniel,Recognize so change perform national cover.,Medium,High,Closed
INC100466,P4,Cloud,Azure,Troy Medina,Plant fall majority part deep firm activity.,Medium,Low,Closed
INC100467,P2,Security,Malware,Lauren Hamilton,Government as finish.,High,High,Resolved
INC100468,P1,Email,Outlook,David Norris,Mrs expect degree might go score man.,High,Low,Open
INC100469,P2,Application,SAP,Daniel Sanders,Heart large professor wide body plan travel.,Low,Low,Closed
INC100470,P1,Cloud,Azure,Jonathan Harmon,Small white visit.,High,Low,Resolved
INC100471,P1,Security,Malware,Jake Reed,Politics street page finish glass.,Medium,Low,Resolved
INC100472,P1,Cloud,Azure,Heather Perry,Save significant next day organization true recent.,Medium,Low,Closed
INC100473,P3,Database,Oracle,Barbara Vasquez,Black either both fire writer surface reason.,Medium,Medium,In Progress
INC100474,P2,Email,Outlook,Haley Henson,I step world.,Low,Medium,Closed
INC100475,P3,Cloud,Azure,Timothy Ramirez,Represent level and establish land.,High,High,In Progress
INC100476,P1,Database,Oracle,Michele Gomez,Will public entire of.,High,Medium,Resolved
INC100477,P3,Database,Oracle,Joseph Williams,Later seat program minute already large lose.,Low,High,Closed
INC100478,P4,Cloud,Azure,Elizabeth Li,Life girl whatever interesting travel.,Medium,Low,Resolved
INC100479,P3,Database,Oracle,Audrey White,Ground represent challenge local shoulder idea.,Medium,Low,Open
INC100480,P2,Database,Oracle,Sharon Hall,Nature eat eat bag.,High,Medium,Resolved
INC100481,P2,Application,SAP,Debbie Garcia,A fish bring much I experience difficult.,Low,High,In Progress
INC100482,P1,Email,Outlook,Chloe Johnston,Evidence culture fish again traditional support bag study.,Medium,High,Closed
INC100483,P2,Cloud,Azure,Sonia Turner,Cost learn case receive.,Low,Low,In Progress
INC100484,P3,Network,WAN,Beth Kim,News peace focus huge opportunity gun floor.,Low,Medium,In Progress
INC100485,P2,Email,Outlook,Zachary Torres,Deal often store affect.,High,High,Closed
INC100486,P1,Database,Oracle,Robert Hansen,Girl add board seat simply simple exist.,Medium,Low,Resolved
INC100487,P3,Database,Oracle,Randy Parker,Beautiful value lose player market mean.,Low,High,Closed
INC100488,P1,Network,WAN,Anthony Campbell,Security rich point six the economic meeting.,High,High,Closed
INC100489,P2,Cloud,Azure,Thomas Perez,Million father fish prepare city from nor.,Medium,High,Closed
INC100490,P4,Network,WAN,Ronald Carroll,Police card few me already.,High,Low,Open
INC100491,P1,Email,Outlook,Jeffrey House,Develop quite everything.,Medium,Low,Closed
INC100492,P4,Database,Oracle,Joseph Parker,Catch most stay must door resource.,Low,High,In Progress
INC100493,P1,Application,SAP,Kimberly Reynolds,Behavior seven full.,High,Medium,Closed
INC100494,P2,Network,WAN,Paul Newman,Behind force discover.,Low,High,Resolved
INC100495,P2,Email,Outlook,Charles George,Matter fight human onto concern hope size.,Low,Low,Resolved
INC100496,P3,Security,Malware,Michelle Thompson,Doctor baby care tough fire agent.,Low,High,Open
INC100497,P2,Application,SAP,Alexander Owens,Impact occur me catch central prepare.,Low,Medium,Open
INC100498,P1,Application,SAP,Brittney Castillo,Mrs theory structure never.,Low,Low,Resolved
INC100499,P4,Cloud,Azure,Justin Valentine,Bad education rise which city professional.,Low,High,In Progress
INC100500,P1,Cloud,Azure,Brenda Brown,Check wife live identify eat.,Medium,Medium,Open
INC100501,P3,Network,WAN,Chloe Soto,Analysis language single through population even make.,High,Low,Closed
INC100502,P2,Cloud,Azure,Joseph Johnson,Team risk several must.,High,Low,Open
INC100503,P3,Application,SAP,Lori Bailey,Season agency hand for station nature.,Medium,High,Closed
INC100504,P1,Cloud,Azure,Sherri Deleon,Until memory voice activity.,High,Low,Closed
INC100505,P2,Network,WAN,Mathew King,Make unit grow sure.,Low,High,Resolved
INC100506,P1,Network,WAN,Kathryn Brown,Coach other technology.,Medium,Medium,Resolved
INC100507,P4,Email,Outlook,Randy Edwards,Exactly job executive stay painting dog like.,High,High,Resolved
INC100508,P1,Database,Oracle,Martha Moore,Likely choose him region movement.,Medium,Medium,In Progress
INC100509,P1,Network,WAN,Melissa Johnson,Century perform glass suddenly south book central region.,Medium,Low,Open
INC100510,P4,Email,Outlook,Brenda Lee,Town soldier poor different ground while south.,Medium,High,In Progress
INC100511,P2,Cloud,Azure,Brittney Perry,Room will hear kid west chair.,High,Low,Resolved
INC100512,P3,Cloud,Azure,John Bradley,Several gun whether account add.,Low,Low,Resolved
INC100513,P2,Security,Malware,Diane Rich,Put use eye share conference.,Low,Medium,In Progress
INC100514,P1,Application,SAP,Ralph Mullins,Moment research mission official community sometimes owner.,Low,Low,In Progress
INC100515,P4,Database,Oracle,Lucas Allen,Probably tonight institution.,Low,Medium,In Progress
INC100516,P3,Database,Oracle,Vincent Shelton,Natural gun four let.,Low,Low,In Progress
INC100517,P4,Database,Oracle,Ms. Mary Pham,Need the continue let probably set.,High,Medium,Closed
INC100518,P4,Email,Outlook,Sharon Stevens,Allow gas Mrs tell drive call.,Low,Low,Resolved
INC100519,P3,Database,Oracle,Rhonda Leonard,Goal cause walk PM task experience show reveal.,Low,Medium,Resolved
INC100520,P4,Cloud,Azure,Melissa Sanchez,First across share police three.,Medium,High,Closed
INC100521,P3,Security,Malware,Shannon Young,But guess outside sea.,High,Medium,In Progress
INC100522,P1,Application,SAP,Anthony Ramirez,Money lose church experience bar may.,High,High,In Progress
INC100523,P2,Cloud,Azure,Joseph Fleming,Close toward chance involve something city.,Medium,Medium,In Progress
INC100524,P2,Email,Outlook,Angela Marks,Data edge least would that bag responsibility.,Medium,Medium,Open
INC100525,P1,Network,WAN,Zachary Rose,Not production sea clear son must.,Low,High,Open
INC100526,P4,Application,SAP,Jessica Duffy,Material customer class radio participant discuss.,High,High,In Progress
INC100527,P3,Database,Oracle,Debra Martin,Attack writer recognize difficult environmental civil performance.,Low,High,Resolved
INC100528,P1,Security,Malware,Shannon Hernandez,Owner take day growth success speak travel.,Low,Medium,In Progress
INC100529,P2,Network,WAN,Douglas Baird,Service outside clear recently.,High,Medium,In Progress
INC100530,P3,Security,Malware,Joel Lawrence,Success carry cut together.,High,Medium,Open
INC100531,P3,Email,Outlook,Rebekah Simmons,Assume usually training top media report write.,Medium,High,Resolved
INC100532,P2,Database,Oracle,Brent Cruz,Adult question space set.,Medium,Low,In Progress
INC100533,P4,Security,Malware,John Tanner,Hundred themselves population customer shoulder open.,Low,Medium,Closed
INC100534,P4,Network,WAN,Kenneth Gibbs,Student teacher official pick agreement central.,Low,High,In Progress
INC100535,P3,Email,Outlook,Brett Evans,Others seat language sell society series course with.,Low,Low,In Progress
INC100536,P3,Network,WAN,Louis Kim,Others compare hard although meet tough much fine.,High,Medium,Closed
INC100537,P1,Database,Oracle,Dylan Taylor,New history send behavior contain.,Low,Low,Open
INC100538,P3,Application,SAP,Brenda Gallegos,Close many suggest.,Low,High,Resolved
INC100539,P2,Database,Oracle,Becky Lee,Director nearly mean foreign must part ten.,High,Low,In Progress
INC100540,P1,Database,Oracle,Shawn Martin,Past little sound.,High,Low,In Progress
INC100541,P2,Application,SAP,Todd Black,Democrat prepare call along.,High,High,Resolved
INC100542,P2,Database,Oracle,Miss Tiffany Martin,Member become analysis scene fill event.,Medium,Medium,Resolved
INC100543,P1,Email,Outlook,Randall Mckay,Question maintain away watch change.,Medium,Medium,Resolved
INC100544,P1,Database,Oracle,Christopher Hines,Surface back eat clear.,Low,High,Open
INC100545,P2,Network,WAN,David Montoya,Whose time could write consider.,Low,High,Open
INC100546,P3,Network,WAN,Christina Murphy,Several beautiful clearly.,High,Low,Closed
INC100547,P3,Cloud,Azure,Joshua Brewer,For provide seat both.,High,High,Open
INC100548,P2,Database,Oracle,Charles Baker,Step consumer ground decision.,Low,Medium,In Progress
INC100549,P2,Application,SAP,Earl Perry,Heart fish fund entire available meeting whatever.,Low,High,In Progress
INC100550,P1,Security,Malware,Brooke Green,Less only establish piece enough shoulder democratic.,Low,High,Open
INC100551,P2,Application,SAP,Brian Delacruz,Yourself PM water hour.,Low,Low,Open
INC100552,P4,Security,Malware,Dana Carroll,Attorney charge if space cost art mention.,Medium,Medium,In Progress
INC100553,P1,Security,Malware,Leslie Flores,Lay short hot cover structure decade.,Low,High,Closed
INC100554,P1,Cloud,Azure,Carmen Medina,Vote production choice better case bar.,Low,High,Open
INC100555,P3,Network,WAN,Tammy Wallace,Major size thus service through issue evidence.,Low,Medium,In Progress
INC100556,P1,Security,Malware,Jonathan Cook,Mr mean bring serious.,Medium,Low,In Progress
INC100557,P3,Network,WAN,Alice Williams,Land middle voice feeling.,High,High,Resolved
INC100558,P2,Network,WAN,Michael Ruiz,Vote upon see according.,Medium,Medium,Open
INC100559,P4,Database,Oracle,Shannon Hayden,Season compare foot too even they already board.,High,Low,In Progress
INC100560,P4,Security,Malware,Charles Moore,Light they condition for expert step sign.,High,Medium,In Progress
INC100561,P3,Database,Oracle,Alexa Roberts,Culture defense citizen administration low woman thousand.,High,High,Closed
INC100562,P4,Email,Outlook,Andrew Williams,Challenge concern reveal interesting hundred activity.,Medium,Low,Open
INC100563,P1,Cloud,Azure,Tammy Mueller,Say magazine media join market indeed season shoulder.,High,Medium,Closed
INC100564,P4,Application,SAP,Terry Martinez,Beautiful third middle sell hot section.,Low,High,Open
INC100565,P1,Database,Oracle,Cindy Mckenzie DDS,Research see energy last style talk do.,Low,Medium,Open
INC100566,P1,Database,Oracle,Phillip Howard,Approach exist relationship.,Medium,High,Resolved
INC100567,P3,Network,WAN,Lisa Wade,City land carry paper campaign require enough.,Medium,High,Open
INC100568,P3,Email,Outlook,Misty Ferguson,Tv be house maintain.,Medium,Low,Closed
INC100569,P3,Security,Malware,Beth Jarvis,Bit control source accept almost build election.,High,High,Closed
INC100570,P2,Application,SAP,Carl Hall,Interesting course despite and trip close.,Low,High,In Progress
INC100571,P2,Security,Malware,William Kaufman,Trip beautiful say themselves staff key.,Medium,High,Closed
INC100572,P2,Database,Oracle,Aaron Schmidt,Occur force probably avoid head.,Medium,High,Open
INC100573,P2,Security,Malware,Elizabeth Cox,Policy remember table ahead visit season often.,High,Low,In Progress
INC100574,P1,Email,Outlook,Jaime Joyce,Strong page career keep today.,Medium,High,Closed
INC100575,P4,Network,WAN,Pamela Powell,Fight far role anyone.,Low,High,In Progress
INC100576,P3,Cloud,Azure,Jonathon Yang,Congress lawyer to top according goal democratic moment.,High,Low,In Progress
INC100577,P2,Network,WAN,Linda Perez,Worry here because usually.,High,High,Closed
INC100578,P2,Network,WAN,Ariana Walker,Dark somebody stage performance.,Medium,Medium,In Progress
INC100579,P3,Cloud,Azure,Victoria Schmidt,Laugh final customer someone matter between church us.,Low,High,Closed
INC100580,P1,Cloud,Azure,Joshua Rice,Our black customer dream another side and three.,Low,High,In Progress
INC100581,P3,Security,Malware,Catherine Kelley,Despite learn now occur develop.,High,Low,In Progress
INC100582,P3,Network,WAN,Beth Lynch,Become need start left argue get.,High,Low,Open
INC100583,P1,Database,Oracle,Ana Weber,Message middle institution fall.,High,Medium,Open
INC100584,P2,Cloud,Azure,Nicole Terrell,Week decide rather recent glass page.,Medium,High,Closed
INC100585,P3,Database,Oracle,Emily Rangel,Lay exist food.,High,High,Open
INC100586,P2,Security,Malware,John Schneider,Above summer small our something firm more.,High,Medium,Resolved
INC100587,P2,Cloud,Azure,Kerry Manning,Happen because billion station create.,Medium,Low,In Progress
INC100588,P1,Network,WAN,Eric Matthews,Have system tough.,Medium,Medium,Resolved
INC100589,P1,Database,Oracle,Micheal Fuller,Marriage need store girl television.,High,Medium,Open
INC100590,P1,Email,Outlook,Sarah Mccullough,Result teacher six continue.,High,Medium,Open
INC100591,P2,Application,SAP,Lisa Chase,Boy far or weight body.,Low,Low,Closed
INC100592,P3,Database,Oracle,Rodney Hernandez,Behind describe hit card amount energy spend.,High,Medium,Closed
INC100593,P4,Cloud,Azure,Alexandria Byrd,Budget step represent cause official wrong.,Medium,Low,Resolved
INC100594,P2,Security,Malware,Mr. Douglas Marshall,Mention million by as.,Low,Medium,Closed
INC100595,P4,Network,WAN,David Thomas,Father measure myself lawyer build.,Low,Low,Resolved
INC100596,P2,Database,Oracle,James Bennett,These want score admit enough recent.,Medium,Low,Closed
INC100597,P1,Application,SAP,Rachel Ellis,Nice threat television how staff sea cost.,Medium,High,Open
INC100598,P4,Network,WAN,John Lang,Go church world size.,Medium,High,In Progress
INC100599,P1,Network,WAN,Jimmy Sanchez,Growth help long write develop near low eight.,High,Medium,Closed
INC100600,P2,Cloud,Azure,Michael Morales,Never major mind maintain street.,Low,High,Open
INC100601,P2,Database,Oracle,Timothy King,Religious discover two toward better especially.,High,Low,Resolved
INC100602,P3,Email,Outlook,Jacob Jimenez,Suddenly reach remain better bed.,Low,High,Resolved
INC100603,P2,Network,WAN,Dylan Horn,Message tend occur art.,High,Low,Closed
INC100604,P4,Network,WAN,Amanda Cox,Various order north car.,Medium,High,In Progress
INC100605,P2,Email,Outlook,Elizabeth Anderson,Together billion pretty.,Low,High,Open
INC100606,P3,Cloud,Azure,Katie Clark,Republican travel program lose back front board.,High,Medium,Resolved
INC100607,P3,Cloud,Azure,Nathan Arnold,Field power wait plan.,High,High,In Progress
INC100608,P4,Cloud,Azure,Louis Jarvis,Turn within either town behind process.,High,Low,Resolved
INC100609,P4,Database,Oracle,Kevin Smith,Short knowledge stage attorney join.,Low,Low,Open
INC100610,P3,Application,SAP,Amanda Palmer,Read forget political concern.,High,High,Closed
INC100611,P1,Security,Malware,Meghan Norton,Service total well thank article.,Low,Low,In Progress
INC100612,P2,Security,Malware,Caroline Blackwell,Tough nothing note training include interview.,High,High,In Progress
INC100613,P3,Cloud,Azure,Russell Caldwell,Law model candidate officer season own.,Medium,High,Resolved
INC100614,P3,Cloud,Azure,Mary Morgan,Rich admit get rich available stand American.,High,Low,Closed
INC100615,P2,Email,Outlook,Melody Sawyer,Perhaps four physical station pay support newspaper.,High,Low,Closed
INC100616,P3,Database,Oracle,Stacy Gentry,Serve agency participant entire chance national.,Low,Low,Closed
INC100617,P4,Email,Outlook,Nicolas Brown,Reach test among cell rate.,Low,Low,In Progress
INC100618,P4,Network,WAN,Alison Mcdaniel,Region half knowledge.,Low,High,In Progress
INC100619,P1,Email,Outlook,Jessica Haynes,Speak personal good democratic at fund young prevent.,Medium,Low,Closed
INC100620,P4,Email,Outlook,Lance Armstrong,People party try bag majority.,Low,High,In Progress
INC100621,P1,Network,WAN,Dr. Curtis Rowland,Player no better.,Low,Low,Resolved
INC100622,P4,Network,WAN,Anna Fletcher,Need other coach order.,Medium,Low,In Progress
INC100623,P1,Cloud,Azure,Christie Hubbard,At both agreement through TV reach.,Low,High,Resolved
INC100624,P1,Email,Outlook,Robert Miller,Bit knowledge writer art prepare particular.,Low,High,In Progress
INC100625,P2,Network,WAN,Sarah King,Financial hold believe arm pattern blood.,Medium,High,Closed
INC100626,P2,Cloud,Azure,Natalie Carr,Film draw skin director blue world.,Low,Medium,Resolved
INC100627,P1,Cloud,Azure,Heather Russo,Discover term follow surface.,Medium,Low,Closed
INC100628,P2,Cloud,Azure,William Walker MD,Training fear population word.,High,Medium,Resolved
INC100629,P1,Cloud,Azure,David Chen,Particular focus deal your country.,Low,Medium,In Progress
INC100630,P4,Application,SAP,Melinda Richards MD,Bed final growth media bit responsibility beyond have.,High,Medium,In Progress
INC100631,P3,Cloud,Azure,Jessica Carter,History new from hold develop chair.,Low,High,Open
INC100632,P2,Cloud,Azure,Tiffany Mendez,Writer worker feeling interesting eye song.,High,High,In Progress
INC100633,P4,Database,Oracle,Mary Morgan,Rule hot relationship page put she.,Low,High,Closed
INC100634,P3,Email,Outlook,Sophia Olsen,Treat health least collection good.,Low,High,Open
INC100635,P3,Database,Oracle,Sean Crosby,Activity view accept form relate task.,Low,Low,Closed
INC100636,P3,Network,WAN,Priscilla Ross,Stuff east side the.,Medium,High,Open
INC100637,P3,Application,SAP,Krystal Houston,Tonight thank debate song.,High,Medium,Resolved
INC100638,P1,Application,SAP,Deanna Diaz,Fish sort public tree from decade.,Medium,Low,In Progress
INC100639,P3,Application,SAP,Regina Carpenter,Reason nature once lose director.,Medium,High,In Progress
INC100640,P4,Security,Malware,Maria Greene,Sister especially senior compare us.,Low,Low,In Progress
INC100641,P1,Cloud,Azure,Gary Brewer,Management day drop eat local reach.,High,Low,In Progress
INC100642,P2,Network,WAN,Danny Harrison,Nation leader trial value page.,Low,Low,In Progress
INC100643,P3,Security,Malware,Rebecca Atkinson,Up least positive city.,High,Medium,Resolved
INC100644,P4,Email,Outlook,Michael Hardy,Hour president system foreign second whatever.,High,Medium,Closed
INC100645,P3,Database,Oracle,Rebecca Lambert,Explain choice sense or difference pressure recent.,Low,Medium,Open
INC100646,P4,Database,Oracle,Matthew Massey,Machine information another thank issue technology.,Medium,Low,Open
INC100647,P4,Cloud,Azure,Rebekah Ayers,Hundred economy with.,High,Low,Open
INC100648,P3,Application,SAP,Fred Brewer,Must song prove military approach receive.,Low,High,In Progress
INC100649,P2,Network,WAN,Erica Mathis,More end majority radio crime over.,Low,Medium,Resolved
INC100650,P4,Email,Outlook,Donald Hernandez,History offer lawyer million investment begin water.,High,Low,Closed
INC100651,P2,Network,WAN,Kyle Hampton,Suggest enjoy threat remember right PM.,Medium,High,In Progress
INC100652,P2,Email,Outlook,Jennifer Williams,Provide focus American pull sea few control management.,High,Medium,Open
INC100653,P2,Database,Oracle,Brandy Archer,Cause bed smile pay back find.,Medium,Low,Closed
INC100654,P3,Database,Oracle,Matthew Cherry,Sound environment from.,Low,Medium,In Progress
INC100655,P4,Cloud,Azure,Mark Arnold,Wait million professional couple among color.,High,High,In Progress
INC100656,P1,Application,SAP,Kristin Thomas,Peace reduce physical near American.,High,Low,Closed
INC100657,P1,Security,Malware,Chad Stein,Great decide military Republican protect.,High,Low,Closed
INC100658,P1,Security,Malware,James Wood,If within risk trial air.,Medium,High,Closed
INC100659,P4,Security,Malware,Russell Castaneda,Might instead eat war drug coach whatever despite.,High,Medium,Open
INC100660,P4,Security,Malware,Robert Fletcher,Upon near to mention score record.,High,High,Resolved
INC100661,P4,Cloud,Azure,Lauren Smith,Support how activity.,Medium,High,In Progress
INC100662,P4,Email,Outlook,Mr. Marcus Logan III,Amount north career before peace who.,Low,Low,Closed
INC100663,P1,Cloud,Azure,David Keith,Financial yourself media particularly.,Medium,Medium,Resolved
INC100664,P4,Security,Malware,Angela Black,Without my though allow short.,Low,Low,Open
INC100665,P2,Security,Malware,Brandi Kelly,Indeed fish stage itself debate everything there.,High,Low,In Progress
INC100666,P4,Security,Malware,Melissa Hayes,Teach tell thank every camera bit memory.,Low,Medium,Closed
INC100667,P1,Network,WAN,Jennifer Yang,Specific up long letter nice collection.,Medium,Low,Open
INC100668,P1,Application,SAP,Kayla Jackson,Bar president sure art always.,Medium,Medium,In Progress
INC100669,P3,Database,Oracle,Nicholas Wright,Add stop involve today step chair do.,Medium,Low,In Progress
INC100670,P1,Application,SAP,Miguel Vincent,Sometimes executive study trial.,Medium,High,Resolved
INC100671,P4,Application,SAP,Kayla Jimenez,Analysis base once thing popular her.,Low,Medium,Closed
INC100672,P4,Security,Malware,Jose Williams,Fall relate return rule evidence sing see.,High,Low,Resolved
INC100673,P3,Database,Oracle,Lucas Gallagher,Official evidence those court kitchen control improve character.,Low,Medium,Resolved
INC100674,P3,Security,Malware,Elizabeth Hill,International laugh cut guy.,High,High,Open
INC100675,P1,Cloud,Azure,Sarah Smith DDS,Likely high air ok magazine necessary.,Medium,Medium,Closed
INC100676,P4,Database,Oracle,Jimmy Horton,Sister film share technology tonight produce.,Medium,Medium,Open
INC100677,P1,Cloud,Azure,Dr. Kristi Marshall,Fish final message large team.,Medium,Low,Resolved
INC100678,P3,Email,Outlook,David Campbell,Exist development night improve.,High,Medium,Resolved
INC100679,P1,Security,Malware,Angela Thompson,Series south court red they believe skin.,High,High,Resolved
INC100680,P2,Cloud,Azure,Seth Johnson,Majority fine author impact provide.,Medium,Medium,In Progress
INC100681,P2,Network,WAN,Laura Romero,Smile magazine require large at win century.,Medium,High,Open
INC100682,P1,Application,SAP,Tammy Morton,Space detail wrong environment throughout computer.,Medium,High,Resolved
INC100683,P2,Database,Oracle,Jordan Sandoval,You per executive decade reason meeting.,High,Medium,Closed
INC100684,P1,Email,Outlook,Jane Shaw,Energy itself sport minute.,Medium,Medium,In Progress
INC100685,P1,Email,Outlook,Sarah Brown,Evidence believe night quality growth physical.,High,Medium,Closed
INC100686,P1,Security,Malware,James Gamble,Certainly today daughter statement still war.,Medium,Medium,Resolved
INC100687,P4,Email,Outlook,Adam Meadows,Best if we.,Low,Medium,In Progress
INC100688,P2,Cloud,Azure,Ruben Rivera,Ask various cold market no city last.,High,High,In Progress
INC100689,P2,Network,WAN,Mary Roberts,Memory produce campaign each suddenly.,Low,Low,In Progress
INC100690,P1,Security,Malware,Courtney Palmer,Interest put student responsibility.,High,Low,Open
INC100691,P4,Email,Outlook,Audrey Murphy,Wind account whose school.,Medium,Medium,Open
INC100692,P2,Email,Outlook,Stephanie Reynolds,Adult way lose.,Low,Low,Open
INC100693,P2,Email,Outlook,Mike Gray,Staff continue about glass speak everything group.,Low,Medium,Open
INC100694,P3,Cloud,Azure,Jessica Richards,Fact make buy factor new century million.,Medium,Medium,Resolved
INC100695,P2,Cloud,Azure,Michael Hill,Military kitchen than hour authority interesting oil.,Medium,High,Open
INC100696,P4,Network,WAN,Alexandra Adkins,Weight fast fill important budget your.,High,Medium,Resolved
INC100697,P4,Cloud,Azure,Kristin Reid,Decade page way similar parent.,Low,High,Resolved
INC100698,P1,Security,Malware,Dale Wilson,Kitchen any property court also walk office.,Medium,Low,In Progress
INC100699,P4,Email,Outlook,Peggy Allen,How simple there eight others generation test.,Medium,High,Resolved
INC100700,P1,Cloud,Azure,Ashley James,Free usually town size participant us door a.,Low,High,Open
INC100701,P3,Security,Malware,Jason Mclaughlin,Number miss their future.,Low,Medium,In Progress
INC100702,P4,Network,WAN,James Gonzales,Black beyond other choice cup.,Medium,High,In Progress
INC100703,P1,Cloud,Azure,Christopher Martinez,Idea your should compare side every simple.,High,Medium,Resolved
INC100704,P4,Network,WAN,Karen Walters,Plant sing with its.,Low,High,In Progress
INC100705,P1,Application,SAP,Elizabeth Martin MD,Cold record skill later character place clearly.,High,Medium,Open
INC100706,P2,Database,Oracle,Sean Lewis,Benefit interview alone lead different lawyer plant eight.,Low,Low,Resolved
INC100707,P2,Cloud,Azure,Michael Thomas DDS,Almost thing thank however author.,Low,Medium,Closed
INC100708,P4,Network,WAN,Courtney Taylor,Card good him far eight woman.,Low,High,Open
INC100709,P3,Cloud,Azure,Brianna Tyler,Voice do voice us sister.,High,Low,Resolved
INC100710,P2,Cloud,Azure,Michael Allen,Herself act model radio administration job.,Low,Low,Open
INC100711,P2,Network,WAN,Joseph Green,Protect also Democrat mean knowledge image state.,Medium,Medium,Resolved
INC100712,P3,Database,Oracle,John Delgado,Central when charge attention word nothing do.,Medium,Medium,Resolved
INC100713,P3,Security,Malware,Taylor Byrd,Situation strong age able culture data.,High,Medium,Closed
INC100714,P4,Application,SAP,David Davis DVM,Street heavy common music reach almost system.,High,High,Closed
INC100715,P1,Security,Malware,Dr. James Barker PhD,In agency authority probably item.,Low,Low,In Progress
INC100716,P4,Security,Malware,Donald Davis,Tough their ground out stay order you.,Low,Medium,Closed
INC100717,P3,Application,SAP,Jason Stout,Sea brother suddenly very health bring talk.,Medium,Medium,Open
INC100718,P1,Email,Outlook,Courtney Allen,Write beyond quite along every.,Low,Medium,Open
INC100719,P4,Database,Oracle,Keith Mitchell,Picture lose perform baby mention.,Medium,Medium,In Progress
INC100720,P3,Network,WAN,Amy Barber,Alone to whose kind.,High,Medium,Resolved
INC100721,P2,Network,WAN,Kyle Moore Jr.,Skin high occur.,Medium,Medium,In Progress
INC100722,P3,Database,Oracle,Christopher Solomon,Now human easy must mission.,Low,High,Open
INC100723,P4,Database,Oracle,Joel Fields,Today message foreign.,Medium,High,Open
INC100724,P1,Cloud,Azure,Cody Weaver,Item mention though media coach open put.,Medium,Low,Closed
INC100725,P1,Cloud,Azure,Michael Marquez,Tonight effort power health become cultural.,Medium,High,In Progress
INC100726,P4,Network,WAN,Tina Hall,Challenge far former manager shake actually.,Low,Medium,In Progress
INC100727,P2,Email,Outlook,Erin Davis,Left however throughout dark spend effect author four.,High,Low,Closed
INC100728,P2,Application,SAP,Virginia Gutierrez,Nation here front third than open.,Low,Medium,In Progress
INC100729,P1,Network,WAN,David Gross,Mind performance pressure close increase.,High,High,In Progress
INC100730,P4,Database,Oracle,Mitchell Gonzalez,Blue can growth participant white per.,Medium,Medium,In Progress
INC100731,P4,Cloud,Azure,Tina Chambers,Family reach single this.,Medium,Low,Resolved
INC100732,P1,Network,WAN,Charles Blake,Paper wind party.,Low,Low,Open
INC100733,P4,Application,SAP,Eileen Ritter,Child spend plant minute century then cover.,High,Medium,Open
INC100734,P3,Security,Malware,Erik Tucker,People however tonight everybody buy choice large talk.,High,Medium,Resolved
INC100735,P3,Application,SAP,Brandon Love,Case reason drop talk quite nation mean.,Low,High,Closed
INC100736,P3,Database,Oracle,Alejandra Miller,Girl society always only design.,Low,Medium,In Progress
INC100737,P1,Network,WAN,Joseph Cook,My teach base actually parent.,High,High,Closed
INC100738,P1,Security,Malware,Elizabeth Martin,Fast full defense child.,Medium,Low,Closed
INC100739,P2,Email,Outlook,Samuel Powell,Special how computer at up environmental option brother.,Low,High,Open
INC100740,P3,Cloud,Azure,Sarah Miller,Will month such majority past.,Low,Medium,Open
INC100741,P4,Application,SAP,Christina Lucero,Mean my develop keep report couple little.,Medium,Low,Resolved
INC100742,P1,Security,Malware,Jennifer Carr,Work bed husband up senior.,Medium,High,Open
INC100743,P3,Application,SAP,Bethany Stephens,Tonight but develop other increase thing campaign.,High,Medium,Open
INC100744,P4,Application,SAP,Kimberly Ramirez,Police story community.,Low,Medium,Closed
INC100745,P2,Cloud,Azure,James Bond,These eye develop paper.,Medium,Medium,In Progress
INC100746,P2,Security,Malware,Jose Rodriguez,Difficult away body arm politics.,Low,Medium,In Progress
INC100747,P4,Email,Outlook,Anna Thomas,Gun another likely understand product newspaper alone.,High,Low,Open
INC100748,P1,Application,SAP,Gabriella Smith,Pay note together mouth industry practice activity.,Medium,High,Closed
INC100749,P3,Database,Oracle,Cynthia Johnson,Attack participant himself particular between in order.,Low,Low,In Progress
INC100750,P4,Security,Malware,James Jensen,Official way food life.,High,High,Open
INC100751,P1,Application,SAP,Kevin Morales,You sister result compare visit heart wait.,Low,Low,In Progress
INC100752,P1,Database,Oracle,Brad Tyler,Improve capital unit wall speak.,High,Medium,Closed
INC100753,P2,Database,Oracle,Bryan Dixon,Main perhaps consumer also truth include.,High,High,Resolved
INC100754,P4,Email,Outlook,Tracy Gutierrez,Spring forward help during charge.,Low,Low,In Progress
INC100755,P4,Security,Malware,Kimberly Arnold,Clearly attorney case spring.,Medium,Medium,Closed
INC100756,P2,Network,WAN,Jennifer Wilson,System bed medical.,Medium,High,Open
INC100757,P4,Cloud,Azure,Christina Brooks,Case my notice voice true thank space.,High,Medium,In Progress
INC100758,P2,Cloud,Azure,Erin Galloway,Tell create address child nothing too.,High,Low,Open
INC100759,P2,Cloud,Azure,Daniel Koch,Simply really discussion shoulder rule data seek director.,Medium,Medium,Open
INC100760,P1,Email,Outlook,Elizabeth Hall,Personal check authority letter democratic each.,Low,Low,Closed
INC100761,P1,Database,Oracle,Martin Holmes,Film character agent investment meeting food its.,Medium,High,Resolved
INC100762,P3,Database,Oracle,Michael Lee,Rate heart reveal born all enjoy.,Low,Low,Closed
INC100763,P2,Database,Oracle,John Roberts,Unit myself the another action financial after.,Low,Medium,Closed
INC100764,P1,Security,Malware,Robert Silva,Role dinner raise exist.,Low,Low,Closed
INC100765,P2,Network,WAN,Eric Phillips,Decade woman concern nearly degree.,Low,High,Open
INC100766,P1,Security,Malware,Melissa Richardson,Mr between respond model administration authority I.,Medium,Low,Resolved
INC100767,P4,Email,Outlook,Chad Young,Dream should hotel.,Medium,Low,Resolved
INC100768,P1,Cloud,Azure,David Hall,Share agency take similar continue stage.,High,High,In Progress
INC100769,P4,Database,Oracle,Candace Wilkerson,Big contain free firm often she.,High,High,Closed
INC100770,P3,Application,SAP,Martin Hickman,Necessary exist exist quite.,Medium,Low,In Progress
INC100771,P4,Database,Oracle,Tim Shaw,Student direction lead character market throughout could.,High,High,Resolved
INC100772,P1,Network,WAN,Crystal Hamilton,Might foot challenge provide upon.,High,Low,Open
INC100773,P3,Email,Outlook,Keith Johnson,Open shake own share.,Low,High,In Progress
INC100774,P1,Cloud,Azure,Dawn Stephens,Voice tree find artist century.,Medium,High,In Progress
INC100775,P2,Network,WAN,Katherine Byrd,Technology since glass message chair quite.,High,High,In Progress
INC100776,P3,Cloud,Azure,Randy Leonard,Three another change painting ground fill.,High,Medium,Closed
INC100777,P3,Application,SAP,Keith Boyle,Morning until color discussion ago.,High,High,Resolved
INC100778,P3,Security,Malware,Darlene Petersen,Gun production left month.,Medium,High,Open
INC100779,P4,Application,SAP,Victor Bender,Particularly message ever.,Medium,Low,Closed
INC100780,P1,Application,SAP,Brian Snyder,Claim film road process language seek still.,Medium,Low,Open
INC100781,P2,Application,SAP,Brittney Montes,Customer strong ready dark power idea.,High,Low,Closed
INC100782,P3,Database,Oracle,Debra Williams,Up again career standard analysis.,Medium,High,Open
INC100783,P1,Cloud,Azure,Kristina Esparza,Skill power entire.,Low,Medium,Open
INC100784,P1,Database,Oracle,Dustin Sanders,Me relationship condition me.,Low,Low,Open
INC100785,P2,Database,Oracle,Alexis Williams,Statement thus color explain particularly town many.,Low,High,Resolved
INC100786,P1,Application,SAP,Teresa Snyder,Seek leader TV eat.,High,Medium,Open
INC100787,P1,Security,Malware,Tiffany Gay,College test technology more spring.,Medium,Low,Resolved
INC100788,P3,Network,WAN,Keith Woods,Environment lose would direction.,Low,Low,Closed
INC100789,P3,Cloud,Azure,Jessica Hodge,Project point find when very check.,Low,Medium,Closed
INC100790,P4,Cloud,Azure,Jennifer Santiago,Top model hear ability.,Medium,High,Closed
INC100791,P4,Network,WAN,Ann Jones,Town weight west whatever crime science account.,High,Medium,In Progress
INC100792,P3,Network,WAN,Jamie Davis,Responsibility gun try participant.,High,Low,Open
INC100793,P4,Email,Outlook,Anthony Morrison,Manager range mother serve both husband fish.,High,Medium,In Progress
INC100794,P2,Email,Outlook,Sara Flores,Performance morning main list pull.,Low,Medium,Resolved
INC100795,P1,Security,Malware,Jessica Stevens,Significant traditional necessary simple rather red go.,High,Low,In Progress
INC100796,P3,Cloud,Azure,Teresa Mata,By always few deal.,Medium,High,Closed
INC100797,P3,Cloud,Azure,Nicholas Arnold,Important will finally high.,High,High,Closed
INC100798,P4,Security,Malware,David Perez,Let traditional happen ok.,Low,Medium,In Progress
INC100799,P3,Email,Outlook,Ryan Lopez,Table majority feeling in ok.,High,Low,Closed
INC100800,P4,Email,Outlook,Ronald Lewis,College under rather allow last.,Low,Medium,In Progress
INC100801,P3,Cloud,Azure,Elizabeth Brown,Since once avoid fast.,Low,Medium,Resolved
INC100802,P3,Cloud,Azure,Samantha Cannon,Hot development strong property among.,Low,Low,Closed
INC100803,P1,Application,SAP,Philip Hall,Small learn fire set.,High,Medium,Closed
INC100804,P1,Email,Outlook,Meghan Allen,Experience seat own miss long around whom.,High,High,Open
INC100805,P2,Network,WAN,Jasmine Atkinson,Sell charge today.,Medium,Medium,Closed
INC100806,P1,Security,Malware,Christina Lawson,Man require knowledge show.,Low,Medium,Resolved
INC100807,P3,Email,Outlook,Mario Ballard,Job develop send.,High,Low,In Progress
INC100808,P2,Email,Outlook,Andrew Harris Jr.,Question down late decision such.,Low,High,Resolved
INC100809,P1,Cloud,Azure,Mary Lewis,Purpose store exist his police author.,High,High,Open
INC100810,P2,Security,Malware,Maria Hess,View alone at parent out identify point.,Medium,Medium,Open
INC100811,P4,Database,Oracle,Lisa Montgomery,Everybody able guy.,Medium,Low,Closed
INC100812,P2,Application,SAP,Michael Johnson,Wait either spend table sure white owner.,High,High,Open
INC100813,P1,Network,WAN,Michelle Mckenzie,Consumer among partner reduce.,Medium,High,In Progress
INC100814,P2,Database,Oracle,Jesse Braun,Structure staff state prevent mother bill.,Medium,High,Resolved
INC100815,P3,Network,WAN,John Wilson,Manager worker tell land staff tax federal.,Medium,High,Open
INC100816,P1,Security,Malware,Kelly Pace,Ground family more argue attorney.,High,Medium,In Progress
INC100817,P4,Application,SAP,Jessica Martinez,Practice cost ten necessary blue situation.,Low,Low,Closed
INC100818,P4,Network,WAN,Kayla Mann,Eight travel the event five arm idea.,Low,High,In Progress
INC100819,P2,Network,WAN,Robert Welch,Alone prove state throughout avoid.,Medium,Low,Resolved
INC100820,P4,Email,Outlook,Steven Elliott,Particular own at pattern camera set training.,Low,Medium,Open
INC100821,P4,Network,WAN,Jacob Steele,Produce stock side approach imagine old.,Medium,Low,Resolved
INC100822,P1,Network,WAN,Amy Young,Wait several speech low speak card information.,Low,Low,Resolved
INC100823,P3,Cloud,Azure,Craig Grant,Particularly act speech environment know five energy.,High,Low,Closed
INC100824,P3,Application,SAP,James Bush,Visit involve professor meeting cut try.,High,High,In Progress
INC100825,P3,Security,Malware,Christopher Prince,Easy alone loss fact seem.,Medium,High,Resolved
INC100826,P4,Email,Outlook,Ryan Johnson,Hotel nature little voice hard argue more.,High,Medium,Resolved
INC100827,P3,Database,Oracle,Michael Stephens,Analysis station strategy other bring.,Medium,Low,Resolved
INC100828,P1,Database,Oracle,David Hicks,Special avoid get week finish another.,Low,High,Resolved
INC100829,P4,Cloud,Azure,Holly Parker,Exist stand western pass expect knowledge believe.,Medium,Medium,Resolved
INC100830,P3,Database,Oracle,Nicholas Murray,Involve mother throw road.,Low,High,Open
INC100831,P1,Email,Outlook,Arthur Bishop,Until card keep across without between young say.,Medium,Medium,Closed
INC100832,P2,Cloud,Azure,Dr. John Ford DDS,Executive hair summer simple region pull.,Low,High,Closed
INC100833,P4,Cloud,Azure,Maria Todd,Campaign specific campaign upon.,High,Low,Resolved
INC100834,P2,Security,Malware,Keith Holmes,Experience small natural air.,High,Low,Open
INC100835,P1,Application,SAP,Glenn Hanson,Audience tell high bill Democrat.,Low,High,In Progress
INC100836,P2,Email,Outlook,Joshua Goodman,Call military not protect free address.,Medium,Low,In Progress
INC100837,P4,Security,Malware,Katie York,Account his significant.,High,Low,Open
INC100838,P2,Security,Malware,Debra Parker,On front individual feel edge.,High,Low,Closed
INC100839,P3,Database,Oracle,Vincent Brown,Yard politics language town stand.,High,Medium,Open
INC100840,P1,Email,Outlook,Kevin Becker,Boy risk scene local possible allow stand.,Low,Medium,Closed
INC100841,P4,Database,Oracle,Calvin Rice,Election network quickly population hot prepare customer team.,Medium,High,Open
INC100842,P4,Database,Oracle,William Weaver,Else development talk.,Low,High,Resolved
INC100843,P4,Network,WAN,Kelsey Pacheco,Win task evening court film vote.,Low,Medium,In Progress
INC100844,P1,Cloud,Azure,Laurie Scott,When car cause.,Medium,Medium,Resolved
INC100845,P2,Security,Malware,Edgar Reilly,Family however deal east cause investment sign.,Medium,Low,Open
INC100846,P2,Security,Malware,Mark Osborne,Home here something stock realize when.,Low,Medium,Closed
INC100847,P1,Security,Malware,Christopher Jackson Jr.,Move system four remember do.,High,Medium,In Progress
INC100848,P1,Email,Outlook,Donald Stafford,Against hold run attorney actually share political.,High,Medium,Resolved
INC100849,P1,Security,Malware,Alexander Howell,Performance thus certainly office compare turn.,High,High,Open
INC100850,P3,Database,Oracle,Anna Patterson,Open stock middle if success citizen response cover.,Medium,Medium,Open
INC100851,P4,Application,SAP,Sharon Blackburn,Evening down ten.,High,High,Closed
INC100852,P4,Security,Malware,Michael Walker,Performance thing should evening they style.,Low,Medium,Resolved
INC100853,P4,Email,Outlook,Lisa Wilson,Identify six lay book impact.,High,Medium,In Progress
INC100854,P1,Email,Outlook,Brenda Hayden,Trip attention possible out prepare happy others.,High,High,In Progress
INC100855,P4,Security,Malware,Melissa Wolfe,Stuff already join best herself stop second artist.,High,High,In Progress
INC100856,P2,Application,SAP,Andrew Murphy,Car general Mrs rule television.,Medium,Medium,In Progress
INC100857,P2,Application,SAP,Michele Flores,Mrs spring question form to.,Medium,Low,Resolved
INC100858,P2,Cloud,Azure,Traci Noble,Assume perform garden near north kind six.,Low,Low,Closed
INC100859,P1,Network,WAN,Sabrina Frost,Instead feel participant seven main central board.,Low,Low,Open
INC100860,P3,Database,Oracle,Corey Martinez,Decision foreign yard bill agreement never red.,Medium,Medium,Resolved
INC100861,P1,Security,Malware,George Carroll,Edge know fight.,Medium,Medium,Open
INC100862,P4,Database,Oracle,Andrew Mejia,Per notice dog paper executive.,High,High,Open
INC100863,P2,Email,Outlook,Dana White,Sound situation woman.,Medium,Medium,In Progress
INC100864,P4,Email,Outlook,Lisa Strickland,Why apply wish event above send not response.,Medium,Medium,Closed
INC100865,P1,Email,Outlook,Gabrielle Rojas,Clearly few early defense billion full.,Medium,High,Open
INC100866,P3,Network,WAN,Alisha Thompson,Report walk personal worker reach let stuff.,Low,High,Open
INC100867,P3,Email,Outlook,Sara Higgins,Dinner moment thank them.,Medium,Low,Open
INC100868,P1,Security,Malware,Joanna Guzman,Public suffer level.,High,Medium,Closed
INC100869,P1,Network,WAN,Samuel George,Wish player generation clearly community.,Low,Medium,In Progress
INC100870,P2,Application,SAP,Wesley Fitzgerald,Miss fund happen task.,Low,Low,Resolved
INC100871,P2,Application,SAP,Lauren Turner,Effect challenge pressure.,Low,High,In Progress
INC100872,P2,Cloud,Azure,Olivia Ferrell,Board religious sell area certain but though whole.,High,High,Open
INC100873,P2,Cloud,Azure,Andrew Hunter,Free church reflect set soldier draw any.,High,Low,Resolved
INC100874,P1,Database,Oracle,Christina Young,Energy son something either.,Medium,High,Open
INC100875,P1,Application,SAP,Maria Taylor,Difference herself chair herself office.,High,Low,Resolved
INC100876,P4,Email,Outlook,Donna Mendoza,Institution stop major deal maybe.,Medium,Low,Open
INC100877,P2,Network,WAN,Jennifer Jones,Least century past contain environmental.,Low,Low,Open
INC100878,P4,Application,SAP,Katherine Richardson,Wear song begin PM all land.,High,Low,Resolved
INC100879,P3,Email,Outlook,Patricia Sanchez,Example doctor theory black no cold.,Medium,Medium,Closed
INC100880,P2,Security,Malware,Charles Brown,Career run back forward tonight way care.,High,Low,Open
INC100881,P4,Database,Oracle,Kathleen Jones,Letter cause participant weight particularly.,Low,Medium,Closed
INC100882,P3,Cloud,Azure,Taylor Nelson,Give our easy.,Medium,High,Closed
INC100883,P4,Network,WAN,Michael Graham,National kind move plant.,Medium,Low,Open
INC100884,P2,Email,Outlook,Donna Byrd,Maybe if usually agreement throughout.,Medium,Low,In Progress
INC100885,P3,Cloud,Azure,Sean Washington,Reflect popular beyond design.,Medium,High,Resolved
INC100886,P1,Database,Oracle,Jesse Mason,Then hard learn institution try.,Low,High,Open
INC100887,P4,Network,WAN,Sean Rios,Crime force see alone position stop describe.,Low,Low,Resolved
INC100888,P3,Security,Malware,Kari Mata,If relationship exist very because.,Low,Low,In Progress
INC100889,P3,Cloud,Azure,Brittany Smith,Someone agree start.,Low,High,Resolved
INC100890,P4,Database,Oracle,Ryan Jones,Decade east include prevent top difficult.,High,High,Resolved
INC100891,P3,Database,Oracle,Kenneth Rowland,Industry only life after method outside.,Medium,High,Resolved
INC100892,P3,Email,Outlook,Edward Miller,Popular sort low five leader red.,Low,Medium,Closed
INC100893,P3,Application,SAP,Douglas Jones,Skill evidence bring best marriage music start quite.,Medium,Low,Open
INC100894,P1,Security,Malware,Scott Dominguez,Law let smile family service magazine white daughter.,Low,Low,Closed
INC100895,P1,Network,WAN,Victoria Miranda,Information professor kitchen area individual.,Low,Medium,In Progress
INC100896,P2,Database,Oracle,Brittney Blevins,Against account decade art group.,Medium,Medium,In Progress
INC100897,P4,Network,WAN,Keith Smith,Few best similar southern.,Low,Low,Closed
INC100898,P3,Application,SAP,Jennifer House,Ask edge than some dinner energy sound.,Low,Low,In Progress
INC100899,P2,Database,Oracle,Paul Gilbert,Treatment consumer town behind sometimes I go friend.,High,Medium,Open
INC100900,P4,Security,Malware,Thomas Hart MD,With debate day north.,High,Medium,Open
INC100901,P4,Network,WAN,John Obrien,Rule prevent change mean.,Medium,Low,In Progress
INC100902,P4,Network,WAN,Monica Haley,Idea prevent including interesting.,High,Medium,In Progress
INC100903,P3,Cloud,Azure,Joel Walsh,Measure challenge effort than great girl amount.,Medium,Low,Open
INC100904,P2,Application,SAP,Kyle Rhodes,Read head inside road.,Low,Low,In Progress
INC100905,P2,Application,SAP,Amanda Watkins,I onto a police.,High,Medium,Closed
INC100906,P3,Application,SAP,Brandon Zimmerman,Paper north health piece nothing there.,Medium,High,Resolved
INC100907,P2,Security,Malware,Joseph Williams,Sing short if start.,High,High,Closed
INC100908,P4,Database,Oracle,Christopher Wood,Professional meeting challenge fill result perhaps focus.,High,High,Closed
INC100909,P1,Network,WAN,Ryan Bell,Around wife five between.,Low,Medium,Open
INC100910,P3,Security,Malware,Tanner Le,Outside than type suffer common quickly do.,High,High,Closed
INC100911,P4,Application,SAP,Ann Cooper,Stay morning town.,Medium,Low,Closed
INC100912,P2,Email,Outlook,Samantha Lamb,Situation blood someone who since simple.,Low,Medium,Open
INC100913,P4,Email,Outlook,Kristin Hodge,Evidence today number condition production head.,High,High,Open
INC100914,P4,Application,SAP,Stephanie Escobar,Wide stage go evidence north bag.,Medium,Medium,Open
INC100915,P3,Database,Oracle,Bruce Moore,Move run what race of scene.,High,Low,In Progress
INC100916,P2,Network,WAN,Mary Dawson,Star play certain skill part audience actually.,Low,Medium,Closed
INC100917,P2,Security,Malware,Kyle Romero,Sound recently network poor give.,High,Low,In Progress
INC100918,P1,Security,Malware,Miss Megan Hernandez,Ground Democrat even employee.,Low,Low,Resolved
INC100919,P3,Email,Outlook,Lisa Knight,It father see east.,Low,Medium,Closed
INC100920,P4,Email,Outlook,Andrea Ramirez,Administration table develop such series identify.,Low,Medium,In Progress
INC100921,P3,Database,Oracle,Karen Dean,Year care shoulder we.,High,Medium,Open
INC100922,P1,Application,SAP,Mary Williams,Collection community peace.,Low,High,Open
INC100923,P3,Security,Malware,Randy Powell,Change hear dinner along whole as run.,Medium,Medium,Open
INC100924,P3,Database,Oracle,Ashley Henderson,Win word book as feeling watch remember.,High,High,Closed
INC100925,P2,Cloud,Azure,Michael Williams,Response have above yes.,Low,Low,Closed
INC100926,P2,Security,Malware,Ashley Coleman,Choice us most.,High,Low,Closed
INC100927,P1,Email,Outlook,Adam Hanson,Today method anything skill event either sound quality.,Medium,Low,In Progress
INC100928,P4,Security,Malware,Caroline Davidson,He marriage catch born wrong among audience.,High,Medium,Open
INC100929,P1,Email,Outlook,Mary Macdonald,Address be leg close.,Medium,Low,Closed
INC100930,P3,Network,WAN,Michael Taylor,Good concern usually television same huge.,Medium,High,Open
INC100931,P2,Security,Malware,Michael Hudson,American again news dinner.,Low,Medium,Open
INC100932,P1,Email,Outlook,Kathryn Walker,Despite onto serious east.,Low,High,In Progress
INC100933,P1,Database,Oracle,Ebony Howard,Tax should agency try available.,High,High,Open
INC100934,P2,Database,Oracle,Lisa Frank,Economic dinner month by nothing among though individual.,Medium,Medium,In Progress
INC100935,P1,Application,SAP,Matthew Hill,Yourself sound reduce visit.,Low,High,In Progress
INC100936,P3,Database,Oracle,Madison Stevens,Wife while including.,High,Low,In Progress
INC100937,P4,Network,WAN,Jordan Morris,Face front field carry explain radio sure year.,High,High,Resolved
INC100938,P3,Network,WAN,Andrew Harmon,Decision should fight social miss ok.,High,High,Closed
INC100939,P4,Email,Outlook,Jennifer Lewis,Method early still idea.,Medium,Medium,In Progress
INC100940,P1,Database,Oracle,Michael Anderson,Hand fly inside American rock.,Medium,High,Open
INC100941,P2,Network,WAN,Amanda Dillon,Building international over until up week maintain.,High,Medium,Open
INC100942,P1,Database,Oracle,Carmen Willis DVM,Car future discussion enter foot price party religious.,High,Low,Resolved
INC100943,P1,Application,SAP,Tom Smith,Material catch guess activity.,Low,Medium,Closed
INC100944,P2,Security,Malware,Lisa Singh,Ready bank important decide responsibility market them skin.,Medium,Low,In Progress
INC100945,P1,Network,WAN,Tara Perez,Authority ask ask.,Medium,Low,Open
INC100946,P1,Cloud,Azure,Amy Flowers,Sort common miss land how.,Medium,High,In Progress
INC100947,P2,Cloud,Azure,Jason Hernandez,Great doctor not we.,Medium,Medium,In Progress
INC100948,P1,Database,Oracle,Alexander Murphy,Least write very report word later.,High,Medium,In Progress
INC100949,P3,Cloud,Azure,Jason Jenkins,Book price well agency.,Low,Medium,Closed
INC100950,P1,Network,WAN,Jacob Sandoval,Game stop practice different manager.,High,Low,Resolved
INC100951,P1,Database,Oracle,Christian Williams,Threat side toward standard game low.,Medium,Low,Closed
INC100952,P1,Security,Malware,Shannon Pierce,Strong feel scene.,Medium,Medium,In Progress
INC100953,P4,Email,Outlook,Zachary Cox DDS,Production suddenly quality tell go.,High,Medium,Open
INC100954,P3,Cloud,Azure,Clayton Green,Consumer significant view laugh trade beat.,Medium,Medium,Open
INC100955,P3,Security,Malware,Matthew Hampton,Cell father phone mouth same similar.,High,Low,Resolved
INC100956,P4,Database,Oracle,Tina Silva,Guess imagine such ahead require.,Low,Medium,Closed
INC100957,P3,Email,Outlook,James Peterson,Computer though drug want.,High,High,Closed
INC100958,P3,Email,Outlook,Robert Peterson,Oil pretty form answer soldier provide.,Medium,Low,In Progress
INC100959,P4,Database,Oracle,Brenda Montgomery,Weight friend hard above cause left nearly many.,High,Low,Open
INC100960,P2,Database,Oracle,Jennifer Pierce,Accept gas author eight professional.,High,Medium,Resolved
INC100961,P4,Network,WAN,Brian Mckinney,Too too dinner money nearly short information authority.,Low,Low,In Progress
INC100962,P3,Email,Outlook,Lindsay Peterson,Buy development half when certainly certain.,High,High,Resolved
INC100963,P3,Database,Oracle,Amanda Waters,Reduce alone chance.,High,High,In Progress
INC100964,P2,Cloud,Azure,Ann Lyons,Interesting kind word though.,High,High,In Progress
INC100965,P2,Cloud,Azure,Chad Bright,Apply manage number worker executive.,High,Low,Resolved
INC100966,P3,Security,Malware,Casey Costa,Notice more director great teach what.,Medium,Medium,In Progress
INC100967,P3,Email,Outlook,Shannon Dawson,Doctor soon behavior themselves service size.,Medium,High,In Progress
INC100968,P3,Security,Malware,Spencer Morris,Choice fund fill daughter increase.,Medium,Medium,In Progress
INC100969,P1,Database,Oracle,Anna Gray,More fear current high gas social effort Congress.,Low,Medium,Resolved
INC100970,P1,Security,Malware,Nicole Flynn,Total blood require participant clearly.,Low,High,Resolved
INC100971,P4,Database,Oracle,Katie Estrada,Whom door may where face.,Low,Low,In Progress
INC100972,P2,Cloud,Azure,Mark Kelly,Exist person eye.,High,Low,Open
INC100973,P4,Database,Oracle,Valerie Frazier,Your state adult worry likely.,Medium,Medium,Resolved
INC100974,P3,Email,Outlook,Kelly Brown,Same staff eye mouth executive discuss international.,Medium,High,Open
INC100975,P1,Email,Outlook,Mary Sutton,Account staff low much trade people present.,Medium,Medium,Resolved
INC100976,P1,Cloud,Azure,Brent Chavez,Cut catch southern road laugh.,Low,Low,Resolved
INC100977,P3,Application,SAP,Maria Farrell,Sometimes college interesting hold.,Low,Low,Open
INC100978,P3,Database,Oracle,Anne Paul,Least experience as for.,Low,Medium,Open
INC100979,P2,Database,Oracle,Amanda Fox,Firm contain case better right mission.,High,Low,Resolved
INC100980,P4,Security,Malware,Erica Carpenter,Traditional tell kid remain.,High,High,Closed
INC100981,P1,Application,SAP,Roger Perkins,Probably theory chance early another the dream.,Low,High,In Progress
INC100982,P4,Cloud,Azure,David Freeman,Much treat gas plan.,High,High,Open
INC100983,P4,Security,Malware,Travis Davis,Court choice decade government.,Medium,High,Open
INC100984,P3,Cloud,Azure,Allison Lutz,Garden election us speech stage.,Low,Medium,Open
INC100985,P2,Application,SAP,Anthony Holmes,Very affect speech between.,Medium,High,Closed
INC100986,P1,Email,Outlook,Courtney Powell,Rather decision human.,Low,Low,Closed
INC100987,P3,Security,Malware,Ashley Mills,Computer reveal rise here.,Medium,High,In Progress
INC100988,P4,Security,Malware,Joe Vargas,Apply behavior training own suddenly really our.,Medium,Medium,Resolved
INC100989,P3,Security,Malware,Brianna Gonzalez,Area sign trip our.,High,Medium,Closed
INC100990,P4,Cloud,Azure,Joshua Sweeney,Campaign current surface follow.,Medium,Medium,Open
INC100991,P1,Cloud,Azure,Johnny Booth,Writer water general task interesting officer.,Low,Medium,Closed
INC100992,P2,Network,WAN,Veronica Tate,Health world effect we.,Medium,Medium,Open
INC100993,P1,Application,SAP,Matthew Wood,Produce maintain throw wall.,Medium,High,Open
INC100994,P3,Email,Outlook,Maria Allen,Analysis political lawyer take style.,High,Medium,Resolved
INC100995,P1,Network,WAN,Dillon Bell,Number thousand probably together lay must.,Medium,Medium,Resolved
INC100996,P3,Security,Malware,James Cohen,Behavior wife read give both.,High,Low,Resolved
INC100997,P3,Application,SAP,Thomas Johnson,Social drive owner computer present ground design.,Medium,Medium,In Progress
INC100998,P4,Network,WAN,Jeremy Silva,Could science system child left grow.,High,High,Resolved
INC100999,P2,Cloud,Azure,James Pope,Remember see material despite even stay long word.,Low,Medium,Open
